Item_Lote;PU_pedido;Qtd_pedido;Valor_linha_pedido;PU_contrato;Qtd_contratada;Saida;Estoque_Atual_migracao;Qtd_excedente_saldo;Valor_excedente;Pedido_sem_saldo_estoque_zero;Descricao_migracao
2;14.2;2.0;28.4;14.2;6.0;0.0;6.0;0.0;0.0;NAO;APLICADOR TIPO PISTOLA PARA COLA QUENTE, 220 V, BASTAO DE SILICONE FINO, MEDIDAS APROXIMADAS: 7MMX300MM.
4;7.45;100.0;745.0;7.45;100.0;50.0;50.0;50.0;372.5;NAO;BALOES (BEXIGA) EM LATEX, TAMANHO N 7, CORES DIVERSAS, PACOTES COM 50 UNIDADES. AS CORES DEVERAO SER ENVIADAS DE ACORDO COM O PEDIDO DO ALMOXARIFADO, MEDIANTE AUTORIZACAO DE FORNECIMENTO.
16;19.7;20.0;394.0;19.7;20.0;0.0;20.0;0.0;0.0;NAO;CADERNO GRANDE CAPA DURA, COM ESPIRAL, 15 MATERIAS, 240 FOLHAS.
21;31.2;15.0;468.0;31.2;40.0;0.0;40.0;0.0;0.0;NAO;CAIXA ORGANIZADORA DESMONTAVEL, COM TAMPA, MATERIAL PLASTICO, TAMANHO GRANDE, CAPACIDADE MAXIMA 30 LITROS, COR BRANCA OU PRETA.
22;27.6;15.0;414.0;27.6;40.0;0.0;40.0;0.0;0.0;NAO;CAIXA ORGANIZADORA DESMONTAVEL, COM TAMPA, MATERIAL PLASTICO, TAMANHO MEDIA, CAPACIDADE MINIMA 16,5 LITROS, COR BRANCA OU PRETA.
27;7.4;10.0;74.0;7.4;26.0;26.0;0.0;10.0;74.0;SIM;CANETA MARCADORA PARA CD/DVD 1.0 MM COR PRETA SECAGEM RAPIDA RESISTENTE A AGUA E UMIDADE
28;1.7;60.0;102.0;1.7;200.0;100.0;100.0;0.0;0.0;NAO;CANETA MARCA-TEXTO, MATERIAL PLASTICO, TIPO PONTA CHANFRADA, COR FLUORESCENTE DIVERSAS, TINTA SUPERFLUORESCENTE E COR VIVA PARA SUBLINHAR E DESTACAR, ESPESSURA DOS TRACOS 1MM PARA SUBLINHAR 4 MM PARA …
29;2.5;50.0;125.0;2.5;200.0;0.0;200.0;0.0;0.0;NAO;CLIPS PARA PAPEIS - TAMANHO: 2/0, MATERIA PRIMA: ACO, ACABAMENTO: NIQUELADO, TIPO: CONVENCIONAL, CAIXA PEQUENA COM 100 UNIDADES.
30;2.2;50.0;110.0;2.2;200.0;0.0;200.0;0.0;0.0;NAO;CLIPS PARA PAPEIS - TAMANHO: 3/0, MATERIA PRIMA: ACO, ACABAMENTO: NIQUELADO, TIPO: CONVENCIONAL, CAIXA PEQUENA COM 100 UNIDADES.
31;2.8;30.0;84.0;2.8;200.0;0.0;200.0;0.0;0.0;NAO;CLIPS PARA PAPEIS - TAMANHO: 6/0, MATERIA PRIMA: ACO, ACABAMENTO: NIQUELADO, TIPO: CONVENCIONAL, CAIXA PEQUENA COM 50 UNIDADES.
32;2.8;30.0;84.0;2.8;200.0;0.0;200.0;0.0;0.0;NAO;CLIPS PARA PAPEIS - TAMANHO: 8/0, MATERIA PRIMA: ACO, ACABAMENTO: NIQUELADO, TIPO: CONVENCIONAL, CAIXA PEQUENA COM 25 UNIDADES.
34;15.0;10.0;150.0;15.0;26.0;26.0;0.0;10.0;150.0;SIM;COLA ADESIVA INSTANTANEA LIQUIDA 50G
36;9.9;10.0;99.0;9.9;10.0;10.0;0.0;10.0;99.0;SIM;COLA BRANCA PVA, PARA MADEIRA DE 1KG, CASCOLA CASCOREZ EXTRA, SIMILAR, EQUIVALENTE OU DE MELHOR QUALIDADE.
39;0.07;50.0;3.5;0.07;130.0;50.0;80.0;0.0;0.0;NAO;ENVELOPE BRANCO 114MM X 229MM.
40;0.28;50.0;14.0;0.28;65.0;65.0;0.0;50.0;14.0;SIM;ENVELOPE PARDO 240 MM X 340 MM.
41;2.4;15.0;36.0;2.4;26.0;26.0;0.0;15.0;36.0;SIM;ESTILETE RETRATIL, ESPESSURA 18MM, APLICACAO ESCRITORIO.
43;3.3;30.0;99.0;3.3;100.0;100.0;0.0;30.0;99.0;SIM;FITA ADESIVA, MATERIAL POLIPROPILENO TRANSPARENTE, TIPO MONO FACE, COR INCOLOR, APLICACAO MULTIUSO, 50MMX50M.
45;11.99;20.0;239.8;11.99;50.0;0.0;50.0;0.0;0.0;NAO;GRAMPEADOR, MATERIAL METAL, TIPO MESA, CAPACIDADE 25 FL, TAMANHO GRAMPO 26/6, CARACTERISTICAS ADICIONAIS PINTURA EPOXI.
50;0.29;30.0;8.7;0.29;260.0;200.0;60.0;0.0;0.0;NAO;LAPIS PRETO REDONDO, GRAFITE 2-B, CORPO SEXTAVADO CONFECCIONADO EM MADEIRA DE ALTA QUALIDADE, SEM RACHADURAS.
53;11.9;15.0;178.5;11.9;65.0;0.0;65.0;0.0;0.0;NAO;LIVRO PROTOCOLO DE CORRESPONDENCIA, CAPA DURA 100 FOLHAS.
54;6.7;20.0;134.0;6.7;200.0;100.0;100.0;0.0;0.0;NAO;MARCADOR DE PAGINA AUTO ADESIVO TRANSPARENTE, CONTEM 8 CORES DE MARCADORES NO PACOTE COM 25 UNIDADES EM CADA COR, DIMENSOES 45MMX12MM, FACIL APLICACAO, REPOSICIONAVEIS, NAO DANIFICAM AS PAGINAS.
55;26.9;200.0;5380.0;26.9;650.0;150.0;500.0;0.0;0.0;NAO;PAPEL A-4 BRANCO MATERIAL ALCALINO 75G/M2, RESMA COM 500 FOLHAS.
56;2.9;65.0;188.5;2.9;65.0;35.0;30.0;35.0;101.5;NAO;PAPEL EMBORRACHADO, MATERIAL BORRACHA EVA, COMPRIMENTO 60 CM, LARGURA 40 CM, ESPESSURA 2 MM, PADRAO LISO, COR VARIADA. AS CORES DEVERAO SER ENVIADAS DE ACORDO COM O PEDIDO DO ALMOXARIFADO, MEDIANTE AU…
57;15.0;25.0;375.0;15.0;50.0;50.0;0.0;25.0;375.0;SIM;PAPEL FOTOGRAFICO BRILHANTE TAMANHO A4.
60;1.38;50.0;69.0;1.38;260.0;100.0;160.0;0.0;0.0;NAO;PASTA CLASSIFICADOR TRANSPARENTE, MATERIAL PLASTICO, COM ELASTICO, TAMANHO PROPORCIONAL A FOLHA A4.
61;0.71;25.0;17.75;0.71;50.0;50.0;0.0;25.0;17.75;SIM;PASTA PLASTICA EM L, INCOLOR TAMANHO A4.
66;4.2;60.0;252.0;4.2;260.0;260.0;0.0;60.0;252.0;SIM;PILHA AAA PACOTE COM 2 UNIDADES.
67;4.0;60.0;240.0;4.0;200.0;200.0;0.0;60.0;240.0;SIM;PILHA, TAMANHO PEQUENA, TIPO ALCALINA, MODELO AA, PACOTE COM 2 UNIDADES.
68;2.7;40.0;108.0;2.7;80.0;40.0;40.0;0.0;0.0;NAO;PINCEL ATOMICO, MATERIAL PLASTICO, TIPO PONTA FELTRO, TIPO CARGA DESCARTAVEL, CORES SORTIDAS (PRETO, VERMELHO, AZUL, VERDE)
70;3.4;30.0;102.0;3.4;60.0;0.0;60.0;0.0;0.0;NAO;REGUA ESCRITORIO, MATERIAL PLASTICO FLEXIVEL, COMPRIMENTO 30 CM.
71;6.5;15.0;97.5;6.5;50.0;30.0;20.0;0.0;0.0;NAO;TESOURA LAMINA EM ACO INOX, 7 POLEGADAS, APROXIMADAMENTE 18CM, COM CABO PLASTICO PRETO.
75;56.7;15.0;850.5;56.7;65.0;0.0;65.0;0.0;0.0;NAO;APOIO ERGONOMICO PARA OS PES.
77;5.5;70.0;385.0;5.5;70.0;0.0;70.0;0.0;0.0;NAO;TINTA PARA ARTESANATO 100 ML. CORES DIVERSAS. CHALCK PAINT OU SUPREMA. AS CORES DEVERAO SER ENVIADAS DE ACORDO COM O PEDIDO DO ALMOXARIFADO, MEDIANTE AUTORIZACAO DE FORNECIMENTO
80;2.55;50.0;127.5;2.55;50.0;0.0;50.0;0.0;0.0;NAO;FITA DE CETIM N 1, 10 METROS, CORES DIVERSAS.
81;4.23;50.0;211.5;4.23;50.0;0.0;50.0;0.0;0.0;NAO;FITA DE CETIM N 3, 10 METROS, CORES DIVERSAS.
82;9.9;50.0;495.0;9.9;50.0;0.0;50.0;0.0;0.0;NAO;FITA DE CETIM N 5, 10 METROS, CORES DIVERSAS
85;12.9;20.0;258.0;12.9;20.0;0.0;20.0;0.0;0.0;NAO;COLA COLORIDA, TIPO GLITTER, 23G, CORES DIVERSAS, CAIXA COM 6 UNIDADES.
86;2.45;24.0;58.8;2.45;24.0;24.0;0.0;24.0;58.8;SIM;LAPIS DE COR, 12 CORES, TAMANHO GRANDE, FORMATO REDONDO OU SEXTAVADO, CAIXA COM 12 UNIDADES
87;3.9;24.0;93.6;3.9;24.0;0.0;24.0;0.0;0.0;NAO;CANETA HIDROGRAFICA 12 CORES, TAMANHO GRANDE, ESCRITA FINA, CAIXA COM 12 UNIDADES.
88;4.9;24.0;117.6;4.9;24.0;24.0;0.0;24.0;117.6;SIM;GIZ DE CERA CORES SORTIDAS, FORMATO ANATOMICO, NAO TOXICO, PESO LIQUIDO 48G. CAIXA COM 12 UNIDADES.
89;6.8;50.0;340.0;6.8;100.0;30.0;70.0;0.0;0.0;NAO;FITA BANANA DUPLA FACE ESPONJOSA, 16 A 19MM, ROLO COM NO MINIMO 10 METROS.
92;9.9;20.0;198.0;9.9;100.0;15.0;85.0;0.0;0.0;NAO;PAPEL VERGE BRANCO 180GR COM NO MINIMO AS SEGUINTES ESPECIFICACOES: PAPEL VERGE DE PAPELARIA, TEXTURA LEVEMENTE RUGOSA, FORMATO A4, MEDIDAS (210X297)MM, NA COR BRANCO, GRAMATURA 120G.
