Item;Descrição;Marca;Unidade;Preco_Unitario;Quantidade;Saida;Valor_R$;Estoque_Atual
1;ALFINETE MAPA, MATERIAL AQD, CABECA PLASTICO, FORMATO CABECA REDONDA, CORES VARIADAS, CAIXA COM 50 UNIDADES.;JOCAR;CAIXA COM 50 UNID;4,90;5;5;0,00;0
2;APLICADOR TIPO PISTOLA PARA COLA QUENTE, 220 V, BASTAO DE SILICONE FINO, MEDIDAS APROXIMADAS: 7MMX300MM.;GATTE;UNIDADE;14,20;6;2;56,80;4
3;APONTADOR LAPIS, MATERIAL PLASTICO, TIPO ESCOLAR, COR VARIADA, TAMANHO MEDIO, QUANTIDADE EUROS 1, CARACTERISTICAS ADICIONAIS COM DEPOSITO.;LEONORA;UNIDADE;1,06;40;40;0,00;0
4;BALOES (BEXIGA) EM LATEX, TAMANHO N 7, CORES DIVERSAS, PACOTES COM 50 UNIDADES. AS CORES DEVERAO SER ENVIADAS DE ACORDO COM O PEDIDO DO ALMOXARIFADO, MEDIANTE AUTORIZACAO DE FORNECIMENTO.;FESTBALL;PACOTE COM 50 UNID;7,45;100;100;0,00;0
5;BANDEJA DOCUMENTOS, MATERIAL ACRILICA, TIPO TRIPLA, MEDIDAS APROXIMADAS: COMPRIMENTO 350 MM, LARGURA 250 MM, ALTURA 60 MM;WALEU;UNIDADE;44,90;13;0;583,70;13
6;BARBANTE DE ALGODAO, N8, COR CRU, ROLO COM 1KG.;IMPERADOR;UNIDADE;24,20;100;50;1.210,00;50
7;BARBANTE DE SISAL, COR NATURAL, ROLO COM 1KG.;EUROROMA;UNIDADE;22,40;50;0;1.120,00;50
8;BASTAO DE SILICONE PARA COLA QUENTE, COR INCOLOR, APLICACAO PISTOLA QUENTE, CARACTERISTICAS ADICIONAIS COM 7 MM DE DIAMETRO, EMBALAGEM COM 1KG.;RENDICOLA;UNIDADE;45,40;10;3;317,80;7
9;BINDER CLIPS DE METAL (PRENDEDOR DE PAPEL), 15MM, CAIXA COM 12 UNIDADES, COR PRETO.;BAZZE;CAIXA COM 12 UNID;2,70;50;31;51,30;19
10;BINDER CLIPS DE METAL (PRENDEDOR DE PAPEL), 25MM, CAIXA COM 12 UNIDADES, COR PRETO.;BAZZE;CAIXA COM 12 UNID;9,70;65;30;339,50;35
11;BINDER CLIPS DE METAL (PRENDEDOR DE PAPEL), 41 MM, CAIXA COM 12 UNIDADES, COR PRETO.;BAZZE;CAIXA COM 12 UNID;14,40;50;30;288,00;20
12;BINDER CLIPS DE METAL (PRENDEDOR DE PAPEL), 51MM, CAIXA COM 12 UNIDADES, COR PRETO.;BAZZE;CAIXA COM 12 UNID;19,70;50;25;492,50;25
13;BLOCO ADESIVO, 38MMX50MM, PACOTE COM 4 UNIDADES DE 100 FOLHAS CADA (TOTAL 400 FOLHAS) CORES DIVERSAS. (POST-IT PEQUENO).;JOCAR;PACOTE COM 4 UNID;4,50;200;2;891,00;198
14;BLOCO ADESIVO, 76MMX76MM COM 100 FOLHAS CORES DIVERSAS. (POST-IT GRANDE).;JOCAR;UNIDADE;3,65;250;223;98,55;27
15;BORRACHAS DE APAGAR BRANCA COM CAPA PROTETORA ERGONOMICA PARA MAIOR CONFORTO AO USAR E PARA PROTEGER CONTRA SUJEIRA.;LEONORA;UNIDADE;1,20;60;60;0,00;0
16;CADERNO GRANDE CAPA DURA, COM ESPIRAL, 15 MATERIAS, 240 FOLHAS.;ASTRAL;UNIDADE;19,70;20;20;0,00;0
17;CADERNO GRANDE CAPA DURA, COM ESPIRAL, 96 FOLHAS.;ASTRAL;UNIDADE;9,55;65;40;238,75;25
18;CADERNO PEQUENO CAPA DURA, COM ESPIRAL, 96 FOLHAS.;ASTRAL;UNIDADE;5,30;65;40;132,50;25
19;CAIXA ARQUIVO (ARQUIVO MORTO), DESMONTAVEL, MATERIAL PLASTICO, COR PREFERENCIAL AZUL, BRANCA OU PRETA, MEDINDO APROXIMADAMENTE: 350X250X130MM (CXAXP).;POLIBRAS;UNIDADE;4,70;50;0;235,00;50
20;CAIXA CORRESPONDENCIA, MATERIAL ACRILICO, COR INCOLOR, TIPO TRIPLA, COMPRIMENTO 370MM, LARGURA 255 MM, ALTURA 180 MM.;WALEU;UNIDADE;38,00;25;0;950,00;25
21;CAIXA ORGANIZADORA DESMONTAVEL, COM TAMPA, MATERIAL PLASTICO, TAMANHO GRANDE, CAPACIDADE MAXIMA 30 LITROS, COR BRANCA OU PRETA.;POLIBRAS;UNIDADE;31,20;40;15;780,00;25
22;CAIXA ORGANIZADORA DESMONTAVEL, COM TAMPA, MATERIAL PLASTICO, TAMANHO MEDIA, CAPACIDADE MINIMA 16,5 LITROS, COR BRANCA OU PRETA.;POLIBRAS;UNIDADE;27,60;40;15;690,00;25
23;CALCULADORA ELETRONICA, 12 DIGITOS, TIPO MESA (4 OPERACOES BASICAS), FONTE ALIMENTACAO SOLAR/BATERIA, CARACTERISTICAS ADICIONAIS VISOR DE CRISTAL LIQUIDO, SISTEMA CALCULO BINARIO;HM;UNIDADE;18,00;20;0;360,00;20
24;CANETA ESFEROGRAFICA, MATERIAL PLASTICO, TIPO ESCRITA MEDIA, COR TINTA AZUL, CARACTERISTICAS ADICIONAIS CORPO SEXTAVADO, TRANSPARENTE E ORIFICIO LATERAL, QUANTIDADE CARGAS 1 UN, MATERIAL PONTA ACO INOXIDAVEL COM ESFERA DE TUNGSTENIO. CAIXA COM 50 UNIDADES.;BIC;CAIXA COM 50 UNID;39,00;60;30;1.170,00;30
25;CANETA ESFEROGRAFICA, MATERIAL PLASTICO, TIPO ESCRITA MEDIA, COR TINTA PRETA, CARACTERISTICAS ADICIONAIS CORPO SEXTAVADO, TRANSPARENTE E ORIFICIO LATERAL, QUANTIDADE CARGAS 1 UN, MATERIAL PONTA ACO INOXIDAVEL COM ESFERA DE TUNGSTENIO. CAIXA COM 50 UNIDADES.;BIC;CAIXA COM 50 UNID;39,00;10;0;390,00;10
26;CANETA ESFEROGRAFICA, MATERIAL PLASTICO, TIPO ESCRITA MEDIA, COR TINTA VERMELHA, CARACTERISTICAS ADICIONAIS CORPO SEXTAVADO, TRANSPARENTE E ORIFICIO LATERAL, QUANTIDADE CARGAS 1 UN, MATERIAL PONTA ACO INOXIDAVEL COM ESFERA DE TUNGSTENIO. CAIXA COM 50 UNIDADES.;BIC;CAIXA COM 50 UNID;39,00;10;0;390,00;10
27;CANETA MARCADORA PARA CD/DVD 1.0 MM COR PRETA SECAGEM RAPIDA RESISTENTE A AGUA E UMIDADE;BRW;UNIDADE;7,40;26;26;0,00;0
28;CANETA MARCA-TEXTO, MATERIAL PLASTICO, TIPO PONTA CHANFRADA, COR FLUORESCENTE DIVERSAS, TINTA SUPERFLUORESCENTE E COR VIVA PARA SUBLINHAR E DESTACAR, ESPESSURA DOS TRACOS 1MM PARA SUBLINHAR 4 MM PARA DESTACAR DE QUALIDADE IGUAL OU SUPERIOR A MARCA PILOTO.;MASTERPRINT;UNIDADE;1,70;200;160;68,00;40
29;CLIPS PARA PAPEIS - TAMANHO: 2/0, MATERIA PRIMA: ACO, ACABAMENTO: NIQUELADO, TIPO: CONVENCIONAL, CAIXA PEQUENA COM 100 UNIDADES.;CHAPARRAU;CAIXA COM 100 UNID;2,50;200;50;375,00;150
30;CLIPS PARA PAPEIS - TAMANHO: 3/0, MATERIA PRIMA: ACO, ACABAMENTO: NIQUELADO, TIPO: CONVENCIONAL, CAIXA PEQUENA COM 100 UNIDADES.;CHAPARRAU;CAIXA COM 100 UNID;2,20;200;50;330,00;150
31;CLIPS PARA PAPEIS - TAMANHO: 6/0, MATERIA PRIMA: ACO, ACABAMENTO: NIQUELADO, TIPO: CONVENCIONAL, CAIXA PEQUENA COM 50 UNIDADES.;CHAPARRAU;CAIXA COM 50 UNID;2,80;200;30;476,00;170
32;CLIPS PARA PAPEIS - TAMANHO: 8/0, MATERIA PRIMA: ACO, ACABAMENTO: NIQUELADO, TIPO: CONVENCIONAL, CAIXA PEQUENA COM 25 UNIDADES.;CHAPARRAU;CAIXA COM 25 UNID;2,80;200;30;476,00;170
33;COLA BASTAO - COMPOSICAO: POLIVINILPIRROLIDONA (PVP), ESTEARATO DE SODIO E GLICERINA, REQUISITO: A BASE DE AGUA, LAVAVEL E ATOXICA, EMBALAGEM: TUBO COM 40G;ACRILEX;UNIDADE;8,00;50;0;400,00;50
34;COLA ADESIVA INSTANTANEA LIQUIDA 50G;LEONORA;UNIDADE;15,00;26;26;0,00;0
35;COLA, COR INCOLOR, APLICACAO COURO, METAL, VIDRO, CORTICA PLASTICO, MADEIRA, CARACTERISTICAS ADICIONAIS INSTANTANEA, TIPO LIQUIDO, 100G.;LEONORA;UNIDADE;5,00;65;0;325,00;65
36;COLA BRANCA PVA, PARA MADEIRA DE 1KG, CASCOLA CASCOREZ EXTRA, SIMILAR, EQUIVALENTE OU DE MELHOR QUALIDADE.;IRIS;UNIDADE;9,90;10;10;0,00;0
37;CORRETIVO FITA, 6MX5MM, APLICACAO APAGAR CANETA ESFEROGRAFICA.;JOCAR;UNIDADE;3,90;150;100;195,00;50
38;DISPLAY DE PAREDE EM ACRILICO, TIPO A4 COM FITA DUPLA FACE PARA FIXACAO;WALEU;UNIDADE;18,90;20;0;378,00;20
39;ENVELOPE BRANCO 114MM X 229MM.;VIA BRASIL;UNIDADE;0,07;130;100;2,10;30
40;ENVELOPE PARDO 240 MM X 340 MM.;VIA BRASIL;UNIDADE;0,28;65;65;0,00;0
41;ESTILETE RETRATIL, ESPESSURA 18MM, APLICACAO ESCRITORIO.;BAZZE;UNIDADE;2,40;26;26;0,00;0
42;EXTRATOR DE GRAMPO, MATERIAL ACO, TIPO ESPATULA, TRATAMENTO SUPERFICIAL CROMADO, MEDIDAS APROXIMADAS: 15X2CM;BAZZE;UNIDADE;1,80;20;20;0,00;0
43;FITA ADESIVA, MATERIAL POLIPROPILENO TRANSPARENTE, TIPO MONO FACE, COR INCOLOR, APLICACAO MULTIUSO, 50MMX50M.;KORETECH;UNIDADE;3,30;100;100;0,00;0
44;FITA ADESIVA, MATERIAL POLIPROPILENO TRANSPARENTE, TIPO MONO FACE, 12MMX50M.;KORETECH;UNIDADE;1,10;150;50;110,00;100
45;GRAMPEADOR, MATERIAL METAL, TIPO MESA, CAPACIDADE 25 FL, TAMANHO GRAMPO 26/6, CARACTERISTICAS ADICIONAIS PINTURA EPOXI.;BAZZE;UNIDADE;11,99;50;20;359,70;30
46;GRAMPEADOR, MATERIAL METAL, TIPO MESA, CAPACIDADE ATE 100 FL, TAMANHO GRAMPO 23/6, 23/8, 23/10, E 23/13;JOCAR;UNIDADE;71,00;6;0;426,00;6
47;GRAMPO GRAMPEADOR, MATERIAL METAL, TRATAMENTO SUPERFICIAL LATONADO, TAMANHO 23/13, CAIXA COM 5000 UNIDADES.;CHAPARRAU;CAIXA COM 5000 UNID;28,40;13;0;369,20;13
48;GRAMPO GRAMPEADOR, MATERIAL METAL, TRATAMENTO SUPERFICIAL NIQUELADO, TAMANHO 26/6, CAIXA COM 5000 UNIDADES.;BAZZE;CAIXA COM 5000 UNID;3,70;130;0;481,00;130
49;GRAMPO TRILHO ENCADERNADOR, MATERIAL PLASTICO, COMPRIMENTO 80 MM, TIPO LINGUETA, APLICACAO FIXACAO FOLHAS EM PROCESSOS, TIPO ESPELHO GARRA, PACOTE COM 50 UNIDADES.;DELO;PACOTE COM 50 UNID;10,90;26;0;283,40;26
50;LAPIS PRETO REDONDO, GRAFITE 2-B, CORPO SEXTAVADO CONFECCIONADO EM MADEIRA DE ALTA QUALIDADE, SEM RACHADURAS.;LEONORA;UNIDADE;0,29;260;230;8,70;30
51;LAPISEIRA, MATERIAL PLASTICO, DIAMETRO CARGA 0,5 MM, CARACTERISTICAS ADICIONAIS C/PRENDEDOR, PONTA E ACIONADOR DE METAL C/BORRACHA;LEONORA;UNIDADE;4,90;50;50;0,00;0
52;LIVRO ATA, CAPA DURA, MATERIAL PAPEL SULFITE, QUANTIDADE FOLHAS 100 FL, GRAMATURA 75 G/M2, COMPRIMENTO 297 MM, LARGURA 210 MM.;TILIBRA;UNIDADE;14,95;100;0;1.495,00;100
53;LIVRO PROTOCOLO DE CORRESPONDENCIA, CAPA DURA 100 FOLHAS.;BAHIA ARTES GRAFICA;UNIDADE;11,90;65;15;595,00;50
54;MARCADOR DE PAGINA AUTO ADESIVO TRANSPARENTE, CONTEM 8 CORES DE MARCADORES NO PACOTE COM 25 UNIDADES EM CADA COR, DIMENSOES 45MMX12MM, FACIL APLICACAO, REPOSICIONAVEIS, NAO DANIFICAM AS PAGINAS.;JOCAR;PACOTE COM 8 UNID;6,70;200;20;1.206,00;180
55;PAPEL A-4 BRANCO MATERIAL ALCALINO 75G/M2, RESMA COM 500 FOLHAS.;REPORT;RESMA COM 500 FOLHAS;26,90;650;350;8.070,00;300
56;PAPEL EMBORRACHADO, MATERIAL BORRACHA EVA, COMPRIMENTO 60 CM, LARGURA 40 CM, ESPESSURA 2 MM, PADRAO LISO, COR VARIADA. AS CORES DEVERAO SER ENVIADAS DE ACORDO COM O PEDIDO DO ALMOXARIFADO, MEDIANTE AUTORIZACAO DE FORNECIMENTO.;IBEL;UNIDADE;2,90;65;65;0,00;0
57;PAPEL FOTOGRAFICO BRILHANTE TAMANHO A4.;BAHIA ARTES GRAFICA;RESMA COM 50 FOLHAS;15,00;50;50;0,00;0
58;PASTA ARQUIVO TIPO AZ, PAPELAO PLASTIFICADA, TAMANHO OFICIO, LOMBO LARGO, 34,5X28,5X7,0 CM.;FARMA;UNIDADE;13,40;390;200;2.546,00;190
59;PASTA CATALOGO C/100 ENVELOPES PLASTICOS.;DAC;UNIDADE;17,00;50;0;850,00;50
60;PASTA CLASSIFICADOR TRANSPARENTE, MATERIAL PLASTICO, COM ELASTICO, TAMANHO PROPORCIONAL A FOLHA A4.;DAC;UNIDADE;1,38;260;150;151,80;110
61;PASTA PLASTICA EM L, INCOLOR TAMANHO A4.;DAC;UNIDADE;0,71;50;50;0,00;0
62;PASTA SANFONADA TRANSPARENTE, TAMANHO PROPORCIONAL A FOLHA A4 COM 12 DIVISORIAS, VISORES E ABAS DE IDENTIFICACAO.;DAC;UNIDADE;14,95;50;50;0,00;0
63;PASTA SUSPENSA MARMORIZADA, PLASTIFICADA, COM PRENDEDOR, VISOR DE ETIQUETA, HASTES LATERAL MEDINDO 235MMX360MM;DELO;UNIDADE;3,06;250;0;765,00;250
64;PERFURADOR PAPEL, MATERIAL METAL E PLASTICO, TIPO GRANDE, TRATAMENTO SUPERFICIAL NIQUELADO, CAPACIDADE PERFURACAO 100 FL, FUNCIONAMENTO MANUAL.;LIKE;UNIDADE;146,00;6;3;438,00;3
65;PERFURADOR PAPEL, MATERIAL METAL, TIPO MESA, TRATAMENTO SUPERFICIAL PINTADO, CAPACIDADE PERFURACAO 30 FL, FUNCIONAMENTO MANUAL, CARACTERISTICAS ADICIONAIS FURO REDONDO, QUANTIDADE FUROS 2.;JOCAR;UNIDADE;43,40;40;40;0,00;0
66;PILHA AAA PACOTE COM 2 UNIDADES.;ELGIN;UNIDADE;4,20;260;260;0,00;0
67;PILHA, TAMANHO PEQUENA, TIPO ALCALINA, MODELO AA, PACOTE COM 2 UNIDADES.;ELGIN;PACOTE COM 2 UNID;4,00;200;200;0,00;0
68;PINCEL ATOMICO, MATERIAL PLASTICO, TIPO PONTA FELTRO, TIPO CARGA DESCARTAVEL, CORES SORTIDAS (PRETO, VERMELHO, AZUL, VERDE);JOCAR;UNIDADE;2,70;80;80;0,00;0
69;PRANCHETAS PORTATIL EM ACRILICO TRANSPARENTE, TAMANHO CORRESPONDENTE A FOLHA A4, COM PRENDEDOR DE METAL.;WALEU;UNIDADE;12,90;26;16;129,00;10
70;REGUA ESCRITORIO, MATERIAL PLASTICO FLEXIVEL, COMPRIMENTO 30 CM.;WALEU;UNIDADE;3,40;60;30;102,00;30
71;TESOURA LAMINA EM ACO INOX, 7 POLEGADAS, APROXIMADAMENTE 18CM, COM CABO PLASTICO PRETO.;JOCAR;UNIDADE;6,50;50;45;32,50;5
72;TINTA PARA CARIMBO, COR AZUL, COMPONENTES GLICOIS, CORANTES ORGANICOS E AGUA, ASPECTO FISICO LIQUIDO, APLICACAO AUTO-ENTINTADO, CAPACIDADE FRASCO 40 ML;REDEX;UNIDADE;3,00;65;5;180,00;60
73;MOUSE PAD, MATERIAL BORRACHA ANTIDERRAPANTE, CARACTERISTICAS ADICIONAIS COM APOIO DE PUNHO EM GEL, COR PRETA, TIPO ERGONOMICO.;MULTILASER;UNIDADE;25,50;100;100;0,00;0
74;SUPORTE PARA MONITOR E NOTEBOOK 4 NIVEIS DESMONTAVEIS.;WALEU;UNIDADE;42,00;65;0;2.730,00;65
75;APOIO ERGONOMICO PARA OS PES.;WALEU;UNIDADE;56,70;65;15;2.835,00;50
76;VISOR, MATERIAL PLASTICO, TIPO FIXACAO ENCAIXE, APLICACAO PASTA SUSPENSA, CARACTERISTICAS ADICIONAIS COM ETIQUETA, CAIXA COM 50 UNIDADES.;DELO;CAIXA COM 50 UNID;8,50;15;15;0,00;0
77;TINTA PARA ARTESANATO 100 ML. CORES DIVERSAS. CHALCK PAINT OU SUPREMA. AS CORES DEVERAO SER ENVIADAS DE ACORDO COM O PEDIDO DO ALMOXARIFADO, MEDIANTE AUTORIZACAO DE FORNECIMENTO;DAC;UNIDADE;5,50;70;70;0,00;0
78;TINTA PRETA PARA CARIMBOS NUMERADORES AUTOMATICOS 30 ML. TINTA A BASE DE OLEO PARA ALMOFADAS DE FELTRO A SER UTILIZADAS EM NUMERADORES AUTOMATICOS DE METAL.;TRODAT;UNIDADE;18,60;50;5;837,00;45
79;PAPEL FOTOGRAFICO BRILHANTE AUTO ADESIVO TAMANHO A4;MASTERPRINT;RESMA COM 50 FOLHAS;22,90;50;50;0,00;0
80;FITA DE CETIM N 1, 10 METROS, CORES DIVERSAS.;PROGRESSO;UNIDADE;2,55;50;50;0,00;0
81;FITA DE CETIM N 3, 10 METROS, CORES DIVERSAS.;PROGRESSO;UNIDADE;4,23;50;50;0,00;0
82;FITA DE CETIM N 5, 10 METROS, CORES DIVERSAS;PROGRESSO;UNIDADE;9,90;50;50;0,00;0
83;FITA DE JUTA 30MM, ROLO COM APROXIMADAMENTE 10 METROS, CORES DIVERSAS.;PROGRESSO;ROLO COM 10 METROS;23,70;30;0;711,00;30
84;FIO DE JUTA NATURAL, 1 MM A 3MM APROXIMADAMENTE, ROLO DE NO MINIMO 50 METROS.;KIT ROLO;ROLO;10,20;30;0;306,00;30
85;COLA COLORIDA, TIPO GLITTER, 23G, CORES DIVERSAS, CAIXA COM 6 UNIDADES.;GATTE;CAIXA COM 6 UNID;12,90;20;20;0,00;0
86;LAPIS DE COR, 12 CORES, TAMANHO GRANDE, FORMATO REDONDO OU SEXTAVADO, CAIXA COM 12 UNIDADES;BAZZE;CAIXA COM 12 UNID;2,45;24;24;0,00;0
87;CANETA HIDROGRAFICA 12 CORES, TAMANHO GRANDE, ESCRITA FINA, CAIXA COM 12 UNIDADES.;BAZZE;CAIXA COM 12 UNID;3,90;24;24;0,00;0
88;GIZ DE CERA CORES SORTIDAS, FORMATO ANATOMICO, NAO TOXICO, PESO LIQUIDO 48G. CAIXA COM 12 UNIDADES.;LEONORA;CAIXA COM 12 UNID;4,90;24;24;0,00;0
89;FITA BANANA DUPLA FACE ESPONJOSA, 16 A 19MM, ROLO COM NO MINIMO 10 METROS.;KORETECH;ROLO COM 10 METROS;6,80;100;80;136,00;20
90;MOLHA DEDO GLICERINADO, SEM ALCOOL, POTE COM 12 GRAMAS.;WALEU;UNIDADE;2,77;100;30;193,90;70
91;GRAFITE PARA LAPISEIRA: PONTA 0,7. ESTOJO COM 12 GRAFITES, PARA USO TECNICO, ESCOLAR E GERAL;LEONORA;UNIDADE;1,00;52;25;27,00;27
92;PAPEL VERGE BRANCO 180GR COM NO MINIMO AS SEGUINTES ESPECIFICACOES: PAPEL VERGE DE PAPELARIA, TEXTURA LEVEMENTE RUGOSA, FORMATO A4, MEDIDAS (210X297)MM, NA COR BRANCO, GRAMATURA 120G.;BAHIA ARTES GRAFICA;RESMA COM 50 FOLHAS;9,90;100;35;643,50;65
93;PORTA-LAPIS/CLIPE/LEMBRETE, PORTA OBJETO, CLIPS, CANETA, BLOCO P/ RECADO. MATERIAL EM ACRILICO CRISTAL.;WALEU;UNIDADE;9,80;40;15;245,00;25
94;FITA DUPLA FACE FIXA FORTE TRANSPARENTE 24MM X 2M SUPORTA ATE 5KG;KORETECH;UNIDADE;12,07;100;10;1.086,30;90
