numero_item;descricao;marca;unidade_medida;quantidade_contratada;valor_unitario;saida;tipo_item
1;ALFINETE MAPA, MATERIAL AQD, CABECA PLASTICO, FORMATO CABECA REDONDA, CORES VARIADAS, CAIXA COM 50 UNIDADES.;JOCAR;CAIXA COM 50 UNID;5;4.90;5;CONSUMO
2;APLICADOR TIPO PISTOLA PARA COLA QUENTE, 220 V, BASTAO DE SILICONE FINO, MEDIDAS APROXIMADAS: 7MMX300MM.;GATTE;UNIDADE;6;14.20;2;CONSUMO
3;APONTADOR LAPIS, MATERIAL PLASTICO, TIPO ESCOLAR, COR VARIADA, TAMANHO MEDIO, QUANTIDADE EUROS 1, CARACTERISTICAS ADICIONAIS COM DEPOSITO.;LEONORA;UNIDADE;40;1.06;40;CONSUMO
4;BALOES (BEXIGA) EM LATEX, TAMANHO N 7, CORES DIVERSAS, PACOTES COM 50 UNIDADES. AS CORES DEVERAO SER ENVIADAS DE ACORDO COM O PEDIDO DO ALMOXARIFADO, MEDIANTE AUTORIZACAO DE FORNECIMENTO.;FESTBALL;PACOTE COM 50 UNID;100;7.45;100;CONSUMO
5;BANDEJA DOCUMENTOS, MATERIAL ACRILICA, TIPO TRIPLA, MEDIDAS APROXIMADAS: COMPRIMENTO 350 MM, LARGURA 250 MM, ALTURA 60 MM;WALEU;UNIDADE;13;44.90;0;CONSUMO
6;BARBANTE DE ALGODAO, N8, COR CRU, ROLO COM 1KG.;IMPERADOR;UNIDADE;100;24.20;50;CONSUMO
7;BARBANTE DE SISAL, COR NATURAL, ROLO COM 1KG.;EUROROMA;UNIDADE;50;22.40;0;CONSUMO
8;BASTAO DE SILICONE PARA COLA QUENTE, COR INCOLOR, APLICACAO PISTOLA QUENTE, CARACTERISTICAS ADICIONAIS COM 7 MM DE DIAMETRO, EMBALAGEM COM 1KG.;RENDICOLA;UNIDADE;10;45.40;3;CONSUMO
9;BINDER CLIPS DE METAL (PRENDEDOR DE PAPEL), 15MM, CAIXA COM 12 UNIDADES, COR PRETO.;BAZZE;CAIXA COM 12 UNID;50;2.70;31;CONSUMO
10;BINDER CLIPS DE METAL (PRENDEDOR DE PAPEL), 25MM, CAIXA COM 12 UNIDADES, COR PRETO.;BAZZE;CAIXA COM 12 UNID;65;9.70;30;CONSUMO
11;BINDER CLIPS DE METAL (PRENDEDOR DE PAPEL), 41 MM, CAIXA COM 12 UNIDADES, COR PRETO.;BAZZE;CAIXA COM 12 UNID;50;14.40;30;CONSUMO
12;BINDER CLIPS DE METAL (PRENDEDOR DE PAPEL), 51MM, CAIXA COM 12 UNIDADES, COR PRETO.;BAZZE;CAIXA COM 12 UNID;50;19.70;25;CONSUMO
13;BLOCO ADESIVO, 38MMX50MM, PACOTE COM 4 UNIDADES DE 100 FOLHAS CADA (TOTAL 400 FOLHAS) CORES DIVERSAS. (POST-IT PEQUENO).;JOCAR;PACOTE COM 4 UNID;200;4.50;2;CONSUMO
14;BLOCO ADESIVO, 76MMX76MM COM 100 FOLHAS CORES DIVERSAS. (POST-IT GRANDE).;JOCAR;UNIDADE;250;3.65;223;CONSUMO
15;BORRACHAS DE APAGAR BRANCA COM CAPA PROTETORA ERGONOMICA PARA MAIOR CONFORTO AO USAR E PARA PROTEGER CONTRA SUJEIRA.;LEONORA;UNIDADE;60;1.20;60;CONSUMO
16;CADERNO GRANDE CAPA DURA, COM ESPIRAL, 15 MATERIAS, 240 FOLHAS.;ASTRAL;UNIDADE;20;19.70;20;CONSUMO
17;CADERNO GRANDE CAPA DURA, COM ESPIRAL, 96 FOLHAS.;ASTRAL;UNIDADE;65;9.55;40;CONSUMO
18;CADERNO PEQUENO CAPA DURA, COM ESPIRAL, 96 FOLHAS.;ASTRAL;UNIDADE;65;5.30;40;CONSUMO
19;CAIXA ARQUIVO (ARQUIVO MORTO), DESMONTAVEL, MATERIAL PLASTICO, COR PREFERENCIAL AZUL, BRANCA OU PRETA, MEDINDO APROXIMADAMENTE: 350X250X130MM (CXAXP).;POLIBRAS;UNIDADE;50;4.70;0;CONSUMO
20;CAIXA CORRESPONDENCIA, MATERIAL ACRILICO, COR INCOLOR, TIPO TRIPLA, COMPRIMENTO 370MM, LARGURA 255 MM, ALTURA 180 MM.;WALEU;UNIDADE;25;38.00;0;CONSUMO
21;CAIXA ORGANIZADORA DESMONTAVEL, COM TAMPA, MATERIAL PLASTICO, TAMANHO GRANDE, CAPACIDADE MAXIMA 30 LITROS, COR BRANCA OU PRETA.;POLIBRAS;UNIDADE;40;31.20;15;CONSUMO
22;CAIXA ORGANIZADORA DESMONTAVEL, COM TAMPA, MATERIAL PLASTICO, TAMANHO MEDIA, CAPACIDADE MINIMA 16,5 LITROS, COR BRANCA OU PRETA.;POLIBRAS;UNIDADE;40;27.60;15;CONSUMO
23;CALCULADORA ELETRONICA, 12 DIGITOS, TIPO MESA (4 OPERACOES BASICAS), FONTE ALIMENTACAO SOLAR/BATERIA, CARACTERISTICAS ADICIONAIS VISOR DE CRISTAL LIQUIDO, SISTEMA CALCULO BINARIO;HM;UNIDADE;20;18.00;0;CONSUMO
24;CANETA ESFEROGRAFICA, MATERIAL PLASTICO, TIPO ESCRITA MEDIA, COR TINTA AZUL, CARACTERISTICAS ADICIONAIS CORPO SEXTAVADO, TRANSPARENTE E ORIFICIO LATERAL, QUANTIDADE CARGAS 1 UN, MATERIAL PONTA ACO INOXIDAVEL COM ESFERA DE TUNGSTENIO. CAIXA COM 50 UNIDADES.;BIC;CAIXA COM 50 UNID;60;39.00;30;CONSUMO
25;CANETA ESFEROGRAFICA, MATERIAL PLASTICO, TIPO ESCRITA MEDIA, COR TINTA PRETA, CARACTERISTICAS ADICIONAIS CORPO SEXTAVADO, TRANSPARENTE E ORIFICIO LATERAL, QUANTIDADE CARGAS 1 UN, MATERIAL PONTA ACO INOXIDAVEL COM ESFERA DE TUNGSTENIO. CAIXA COM 50 UNIDADES.;BIC;CAIXA COM 50 UNID;10;39.00;0;CONSUMO
26;CANETA ESFEROGRAFICA, MATERIAL PLASTICO, TIPO ESCRITA MEDIA, COR TINTA VERMELHA, CARACTERISTICAS ADICIONAIS CORPO SEXTAVADO, TRANSPARENTE E ORIFICIO LATERAL, QUANTIDADE CARGAS 1 UN, MATERIAL PONTA ACO INOXIDAVEL COM ESFERA DE TUNGSTENIO. CAIXA COM 50 UNIDADES.;BIC;CAIXA COM 50 UNID;10;39.00;0;CONSUMO
27;CANETA MARCADORA PARA CD/DVD 1.0 MM COR PRETA SECAGEM RAPIDA RESISTENTE A AGUA E UMIDADE;BRW;UNIDADE;26;7.40;26;CONSUMO
28;CANETA MARCA-TEXTO, MATERIAL PLASTICO, TIPO PONTA CHANFRADA, COR FLUORESCENTE DIVERSAS, TINTA SUPERFLUORESCENTE E COR VIVA PARA SUBLINHAR E DESTACAR, ESPESSURA DOS TRACOS 1MM PARA SUBLINHAR 4 MM PARA DESTACAR DE QUALIDADE IGUAL OU SUPERIOR A MARCA PILOTO.;MASTERPRINT;UNIDADE;200;1.70;160;CONSUMO
29;CLIPS PARA PAPEIS - TAMANHO: 2/0, MATERIA PRIMA: ACO, ACABAMENTO: NIQUELADO, TIPO: CONVENCIONAL, CAIXA PEQUENA COM 100 UNIDADES.;CHAPARRAU;CAIXA COM 100 UNID;200;2.50;50;CONSUMO
30;CLIPS PARA PAPEIS - TAMANHO: 3/0, MATERIA PRIMA: ACO, ACABAMENTO: NIQUELADO, TIPO: CONVENCIONAL, CAIXA PEQUENA COM 100 UNIDADES.;CHAPARRAU;CAIXA COM 100 UNID;200;2.20;50;CONSUMO
31;CLIPS PARA PAPEIS - TAMANHO: 6/0, MATERIA PRIMA: ACO, ACABAMENTO: NIQUELADO, TIPO: CONVENCIONAL, CAIXA PEQUENA COM 50 UNIDADES.;CHAPARRAU;CAIXA COM 50 UNID;200;2.80;30;CONSUMO
32;CLIPS PARA PAPEIS - TAMANHO: 8/0, MATERIA PRIMA: ACO, ACABAMENTO: NIQUELADO, TIPO: CONVENCIONAL, CAIXA PEQUENA COM 25 UNIDADES.;CHAPARRAU;CAIXA COM 25 UNID;200;2.80;30;CONSUMO
33;COLA BASTAO - COMPOSICAO: POLIVINILPIRROLIDONA (PVP), ESTEARATO DE SODIO E GLICERINA, REQUISITO: A BASE DE AGUA, LAVAVEL E ATOXICA, EMBALAGEM: TUBO COM 40G;ACRILEX;UNIDADE;50;8.00;0;CONSUMO
34;COLA ADESIVA INSTANTANEA LIQUIDA 50G;LEONORA;UNIDADE;26;15.00;26;CONSUMO
35;COLA, COR INCOLOR, APLICACAO COURO, METAL, VIDRO, CORTICA PLASTICO, MADEIRA, CARACTERISTICAS ADICIONAIS INSTANTANEA, TIPO LIQUIDO, 100G.;LEONORA;UNIDADE;65;5.00;0;CONSUMO
36;COLA BRANCA PVA, PARA MADEIRA DE 1KG, CASCOLA CASCOREZ EXTRA, SIMILAR, EQUIVALENTE OU DE MELHOR QUALIDADE.;IRIS;UNIDADE;10;9.90;10;CONSUMO
37;CORRETIVO FITA, 6MX5MM, APLICACAO APAGAR CANETA ESFEROGRAFICA.;JOCAR;UNIDADE;150;3.90;100;CONSUMO
38;DISPLAY DE PAREDE EM ACRILICO, TIPO A4 COM FITA DUPLA FACE PARA FIXACAO;WALEU;UNIDADE;20;18.90;0;CONSUMO
39;ENVELOPE BRANCO 114MM X 229MM.;VIA BRASIL;UNIDADE;130;0.07;100;CONSUMO
40;ENVELOPE PARDO 240 MM X 340 MM.;VIA BRASIL;UNIDADE;65;0.28;65;CONSUMO
41;ESTILETE RETRATIL, ESPESSURA 18MM, APLICACAO ESCRITORIO.;BAZZE;UNIDADE;26;2.40;26;CONSUMO
42;EXTRATOR DE GRAMPO, MATERIAL ACO, TIPO ESPATULA, TRATAMENTO SUPERFICIAL CROMADO, MEDIDAS APROXIMADAS: 15X2CM;BAZZE;UNIDADE;20;1.80;20;CONSUMO
43;FITA ADESIVA, MATERIAL POLIPROPILENO TRANSPARENTE, TIPO MONO FACE, COR INCOLOR, APLICACAO MULTIUSO, 50MMX50M.;KORETECH;UNIDADE;100;3.30;100;CONSUMO
44;FITA ADESIVA, MATERIAL POLIPROPILENO TRANSPARENTE, TIPO MONO FACE, 12MMX50M.;KORETECH;UNIDADE;150;1.10;50;CONSUMO
45;GRAMPEADOR, MATERIAL METAL, TIPO MESA, CAPACIDADE 25 FL, TAMANHO GRAMPO 26/6, CARACTERISTICAS ADICIONAIS PINTURA EPOXI.;BAZZE;UNIDADE;50;11.99;20;CONSUMO
46;GRAMPEADOR, MATERIAL METAL, TIPO MESA, CAPACIDADE ATE 100 FL, TAMANHO GRAMPO 23/6, 23/8, 23/10, E 23/13;JOCAR;UNIDADE;6;71.00;0;CONSUMO
47;GRAMPO GRAMPEADOR, MATERIAL METAL, TRATAMENTO SUPERFICIAL LATONADO, TAMANHO 23/13, CAIXA COM 5000 UNIDADES.;CHAPARRAU;CAIXA COM 5000 UNID;13;28.40;0;CONSUMO
48;GRAMPO GRAMPEADOR, MATERIAL METAL, TRATAMENTO SUPERFICIAL NIQUELADO, TAMANHO 26/6, CAIXA COM 5000 UNIDADES.;BAZZE;CAIXA COM 5000 UNID;130;3.70;0;CONSUMO
49;GRAMPO TRILHO ENCADERNADOR, MATERIAL PLASTICO, COMPRIMENTO 80 MM, TIPO LINGUETA, APLICACAO FIXACAO FOLHAS EM PROCESSOS, TIPO ESPELHO GARRA, PACOTE COM 50 UNIDADES.;DELO;PACOTE COM 50 UNID;26;10.90;0;CONSUMO
50;LAPIS PRETO REDONDO, GRAFITE 2-B, CORPO SEXTAVADO CONFECCIONADO EM MADEIRA DE ALTA QUALIDADE, SEM RACHADURAS.;LEONORA;UNIDADE;260;0.29;230;CONSUMO
51;LAPISEIRA, MATERIAL PLASTICO, DIAMETRO CARGA 0,5 MM, CARACTERISTICAS ADICIONAIS C/PRENDEDOR, PONTA E ACIONADOR DE METAL C/BORRACHA;LEONORA;UNIDADE;50;4.90;50;CONSUMO
52;LIVRO ATA, CAPA DURA, MATERIAL PAPEL SULFITE, QUANTIDADE FOLHAS 100 FL, GRAMATURA 75 G/M2, COMPRIMENTO 297 MM, LARGURA 210 MM.;TILIBRA;UNIDADE;100;14.95;0;CONSUMO
53;LIVRO PROTOCOLO DE CORRESPONDENCIA, CAPA DURA 100 FOLHAS.;BAHIA ARTES GRAFICA;UNIDADE;65;11.90;15;CONSUMO
54;MARCADOR DE PAGINA AUTO ADESIVO TRANSPARENTE, CONTEM 8 CORES DE MARCADORES NO PACOTE COM 25 UNIDADES EM CADA COR, DIMENSOES 45MMX12MM, FACIL APLICACAO, REPOSICIONAVEIS, NAO DANIFICAM AS PAGINAS.;JOCAR;PACOTE COM 8 UNID;200;6.70;20;CONSUMO
55;PAPEL A-4 BRANCO MATERIAL ALCALINO 75G/M2, RESMA COM 500 FOLHAS.;REPORT;RESMA COM 500 FOLHAS;650;26.90;350;CONSUMO
56;PAPEL EMBORRACHADO, MATERIAL BORRACHA EVA, COMPRIMENTO 60 CM, LARGURA 40 CM, ESPESSURA 2 MM, PADRAO LISO, COR VARIADA. AS CORES DEVERAO SER ENVIADAS DE ACORDO COM O PEDIDO DO ALMOXARIFADO, MEDIANTE AUTORIZACAO DE FORNECIMENTO.;IBEL;UNIDADE;65;2.90;65;CONSUMO
57;PAPEL FOTOGRAFICO BRILHANTE TAMANHO A4.;BAHIA ARTES GRAFICA;RESMA COM 50 FOLHAS;50;15.00;50;CONSUMO
58;PASTA ARQUIVO TIPO AZ, PAPELAO PLASTIFICADA, TAMANHO OFICIO, LOMBO LARGO, 34,5X28,5X7,0 CM.;FARMA;UNIDADE;390;13.40;200;CONSUMO
59;PASTA CATALOGO C/100 ENVELOPES PLASTICOS.;DAC;UNIDADE;50;17.00;0;CONSUMO
60;PASTA CLASSIFICADOR TRANSPARENTE, MATERIAL PLASTICO, COM ELASTICO, TAMANHO PROPORCIONAL A FOLHA A4.;DAC;UNIDADE;260;1.38;150;CONSUMO
61;PASTA PLASTICA EM L, INCOLOR TAMANHO A4.;DAC;UNIDADE;50;0.71;50;CONSUMO
62;PASTA SANFONADA TRANSPARENTE, TAMANHO PROPORCIONAL A FOLHA A4 COM 12 DIVISORIAS, VISORES E ABAS DE IDENTIFICACAO.;DAC;UNIDADE;50;14.95;50;CONSUMO
63;PASTA SUSPENSA MARMORIZADA, PLASTIFICADA, COM PRENDEDOR, VISOR DE ETIQUETA, HASTES LATERAL MEDINDO 235MMX360MM;DELO;UNIDADE;250;3.06;0;CONSUMO
64;PERFURADOR PAPEL, MATERIAL METAL E PLASTICO, TIPO GRANDE, TRATAMENTO SUPERFICIAL NIQUELADO, CAPACIDADE PERFURACAO 100 FL, FUNCIONAMENTO MANUAL.;LIKE;UNIDADE;6;146.00;3;CONSUMO
65;PERFURADOR PAPEL, MATERIAL METAL, TIPO MESA, TRATAMENTO SUPERFICIAL PINTADO, CAPACIDADE PERFURACAO 30 FL, FUNCIONAMENTO MANUAL, CARACTERISTICAS ADICIONAIS FURO REDONDO, QUANTIDADE FUROS 2.;JOCAR;UNIDADE;40;43.40;40;CONSUMO
66;PILHA AAA PACOTE COM 2 UNIDADES.;ELGIN;UNIDADE;260;4.20;260;CONSUMO
67;PILHA, TAMANHO PEQUENA, TIPO ALCALINA, MODELO AA, PACOTE COM 2 UNIDADES.;ELGIN;PACOTE COM 2 UNID;200;4.00;200;CONSUMO
68;PINCEL ATOMICO, MATERIAL PLASTICO, TIPO PONTA FELTRO, TIPO CARGA DESCARTAVEL, CORES SORTIDAS (PRETO, VERMELHO, AZUL, VERDE);JOCAR;UNIDADE;80;2.70;80;CONSUMO
69;PRANCHETAS PORTATIL EM ACRILICO TRANSPARENTE, TAMANHO CORRESPONDENTE A FOLHA A4, COM PRENDEDOR DE METAL.;WALEU;UNIDADE;26;12.90;16;CONSUMO
70;REGUA ESCRITORIO, MATERIAL PLASTICO FLEXIVEL, COMPRIMENTO 30 CM.;WALEU;UNIDADE;60;3.40;30;CONSUMO
71;TESOURA LAMINA EM ACO INOX, 7 POLEGADAS, APROXIMADAMENTE 18CM, COM CABO PLASTICO PRETO.;JOCAR;UNIDADE;50;6.50;45;CONSUMO
72;TINTA PARA CARIMBO, COR AZUL, COMPONENTES GLICOIS, CORANTES ORGANICOS E AGUA, ASPECTO FISICO LIQUIDO, APLICACAO AUTO-ENTINTADO, CAPACIDADE FRASCO 40 ML;REDEX;UNIDADE;65;3.00;5;CONSUMO
73;MOUSE PAD, MATERIAL BORRACHA ANTIDERRAPANTE, CARACTERISTICAS ADICIONAIS COM APOIO DE PUNHO EM GEL, COR PRETA, TIPO ERGONOMICO.;MULTILASER;UNIDADE;100;25.50;100;CONSUMO
74;SUPORTE PARA MONITOR E NOTEBOOK 4 NIVEIS DESMONTAVEIS.;WALEU;UNIDADE;65;42.00;0;CONSUMO
75;APOIO ERGONOMICO PARA OS PES.;WALEU;UNIDADE;65;56.70;15;CONSUMO
76;VISOR, MATERIAL PLASTICO, TIPO FIXACAO ENCAIXE, APLICACAO PASTA SUSPENSA, CARACTERISTICAS ADICIONAIS COM ETIQUETA, CAIXA COM 50 UNIDADES.;DELO;CAIXA COM 50 UNID;15;8.50;15;CONSUMO
77;TINTA PARA ARTESANATO 100 ML. CORES DIVERSAS. CHALCK PAINT OU SUPREMA. AS CORES DEVERAO SER ENVIADAS DE ACORDO COM O PEDIDO DO ALMOXARIFADO, MEDIANTE AUTORIZACAO DE FORNECIMENTO;DAC;UNIDADE;70;5.50;70;CONSUMO
78;TINTA PRETA PARA CARIMBOS NUMERADORES AUTOMATICOS 30 ML. TINTA A BASE DE OLEO PARA ALMOFADAS DE FELTRO A SER UTILIZADAS EM NUMERADORES AUTOMATICOS DE METAL.;TRODAT;UNIDADE;50;18.60;5;CONSUMO
79;PAPEL FOTOGRAFICO BRILHANTE AUTO ADESIVO TAMANHO A4;MASTERPRINT;RESMA COM 50 FOLHAS;50;22.90;50;CONSUMO
80;FITA DE CETIM N 1, 10 METROS, CORES DIVERSAS.;PROGRESSO;UNIDADE;50;2.55;50;CONSUMO
81;FITA DE CETIM N 3, 10 METROS, CORES DIVERSAS.;PROGRESSO;UNIDADE;50;4.23;50;CONSUMO
82;FITA DE CETIM N 5, 10 METROS, CORES DIVERSAS;PROGRESSO;UNIDADE;50;9.90;50;CONSUMO
83;FITA DE JUTA 30MM, ROLO COM APROXIMADAMENTE 10 METROS, CORES DIVERSAS.;PROGRESSO;ROLO COM 10 METROS;30;23.70;0;CONSUMO
84;FIO DE JUTA NATURAL, 1 MM A 3MM APROXIMADAMENTE, ROLO DE NO MINIMO 50 METROS.;KIT ROLO;ROLO;30;10.20;0;CONSUMO
85;COLA COLORIDA, TIPO GLITTER, 23G, CORES DIVERSAS, CAIXA COM 6 UNIDADES.;GATTE;CAIXA COM 6 UNID;20;12.90;20;CONSUMO
86;LAPIS DE COR, 12 CORES, TAMANHO GRANDE, FORMATO REDONDO OU SEXTAVADO, CAIXA COM 12 UNIDADES;BAZZE;CAIXA COM 12 UNID;24;2.45;24;CONSUMO
87;CANETA HIDROGRAFICA 12 CORES, TAMANHO GRANDE, ESCRITA FINA, CAIXA COM 12 UNIDADES.;BAZZE;CAIXA COM 12 UNID;24;3.90;24;CONSUMO
88;GIZ DE CERA CORES SORTIDAS, FORMATO ANATOMICO, NAO TOXICO, PESO LIQUIDO 48G. CAIXA COM 12 UNIDADES.;LEONORA;CAIXA COM 12 UNID;24;4.90;24;CONSUMO
89;FITA BANANA DUPLA FACE ESPONJOSA, 16 A 19MM, ROLO COM NO MINIMO 10 METROS.;KORETECH;ROLO COM 10 METROS;100;6.80;80;CONSUMO
90;MOLHA DEDO GLICERINADO, SEM ALCOOL, POTE COM 12 GRAMAS.;WALEU;UNIDADE;100;2.77;30;CONSUMO
91;GRAFITE PARA LAPISEIRA: PONTA 0,7. ESTOJO COM 12 GRAFITES, PARA USO TECNICO, ESCOLAR E GERAL;LEONORA;UNIDADE;52;1.00;25;CONSUMO
92;PAPEL VERGE BRANCO 180GR COM NO MINIMO AS SEGUINTES ESPECIFICACOES: PAPEL VERGE DE PAPELARIA, TEXTURA LEVEMENTE RUGOSA, FORMATO A4, MEDIDAS (210X297)MM, NA COR BRANCO, GRAMATURA 120G.;BAHIA ARTES GRAFICA;RESMA COM 50 FOLHAS;100;9.90;35;CONSUMO
93;PORTA-LAPIS/CLIPE/LEMBRETE, PORTA OBJETO, CLIPS, CANETA, BLOCO P/ RECADO. MATERIAL EM ACRILICO CRISTAL.;WALEU;UNIDADE;40;9.80;15;CONSUMO
94;FITA DUPLA FACE FIXA FORTE TRANSPARENTE 24MM X 2M SUPORTA ATE 5KG;KORETECH;UNIDADE;100;12.07;10;CONSUMO
