# CAMARA MUNICIPAL DE LUIS EDUARDO MAGALHÃES | RUA OCTOGONAL, 384 JARDIM IMPERIAL | LUIS EDUARDO MAGALHÃES | EXTRATO DE CONTRATO | CONTRATO 25/2025 Licitação : 059/2025 Fornecedor :KAZULI COMERCIO E SERVICOS GRAFICOS LTDA Vencimento: 15/08/2026 | Lote : null Secretaria Principal: CAMARA DE VEREADORES DE LEM
item;descricao_marca_unidade;preco_rs;qtdade;valor_inicial_rs;saida;saida_rs;qtdade_atual;valor_rs
1;"ALFINETE MAPA, MATERIAL AQD, CABEC;A JOCAR CAIXA PLASTICO, FORMATO CABEÇA REDONDA, CORES COM 50 VARIADAS, CAIXA COM 50 UNIDADES. UNID APLICADOR TIPO PISTOLA PARA COLA QUENTE, UNIDA";4,90;5,00;24,50;5,00;24,50;0,00;0,00
2;GATTE;14,20;6,00;85,20;0,00;0,00;6,00;85,20
3;APONTADOR LAPIS, MATERIAL PLAS TICO, TIPO LEONORA UNIDA ESCOLAR, COR VARIADA, TAMANHO MEDIO, DE QUANT1DADE EU ROS 1, CARACTERISTICAS ADICIO- NAIS COM DEPOSITO. BALOES (BEXIGA) EM LATEX, TAMA- NHO N° 7, PACOT;1,06;40,00;42,40;40,00;42,40;0,00;0,00
4;FESTBALL CORES DIVERSAS, PACO TES COM 50 UNIDADES. ECOM AS CORES DE- VERAO SER ENVI ADAS DE 50 ACORDO COM O PEDIDO DO ALMOXAR1FADO, UNIDA MEDIANTE AUTORIZAQAO DE FOR- NECIMENTO. DE;7,45;100,00;745,00;50,00;372,50;50,00;372,50
5;BANDEJA DOCUMENTOS, MATERIAL ACRILICA, WALEU UNIDA TIPO TRIPLA, MEDIDAS APROXIMADAS: DE COMPRIMENTO 350 MM, LARGURA 250 MM, ALTURA 60 MM BARBANTE DE ALGODAO, N°8, COR CRU, ROLO UNIDA;44,90;13,00;583,70;0,00;0,00;13,00;583,70
6;IMPERADOR COM 1KG. DE BARBANTE DE SISAL, COR NATURAL, ROLO COM UNIDA;24,20;100,00;2.420,00;50,00;1.210,00;50,00;1.210,00
7;EUROROMA 1KG. DE;22,40;50,00;1.120,00;0,00;0,00;50,00;1.120,00
8;BASTAO DE SILICONE PARA COLA QUENTE,COR RENDICOLA UNIDA INCOLOR, APLICA^AO PISTOLA QUENTE, DE CARACTERISTICAS ADICIONAIS COM 7 MM DE DLAME- TRO, EMBALAGEM COM 1KG.;45,40;10,00;454,00;3,00;136,20;7,00;317,80
9;BINDER CLIPS DE METAL (PRENDE- DOR DE BAZZE CAIXA PAPEL), 15MM, CAIXA COM 12 UNIDADES, COR COM12 PRETO. UNIDA;2,70;50,00;135,00;30,00;81,00;20,00;54,00
10;BINDER CLIPS DE METAL (PRENDE- DOR DE BAZZE CAIXA PAPEL), 25MM, CAIXA COM 12 UNIDADES, COR COM12 PRETO. UNIDA;9,70;65,00;630,50;30,00;291,00;35,00;339,50
11;BINDER CLIPS DE METAL (PRENDE- DOR DE BAZZE CAIXA PAPEL), 41 MM, CAIXA COM 12 UNIDADES, COR COM12 PRETO. UNIDA;14,40;50,00;720,00;30,00;432,00;20,00;288,00
12;BINDER CLIPS DE METAL (PRENDE- DOR DE BAZZE CAIXA PAPEL), SIMM, CAIXA COM 12 UNIDADES, COR COM12 PRETO. UNIDA;19,70;50,00;985,00;25,00;492,50;25,00;492,50
13;BLOCO ADESIVO, 38MMX50MM, PA COTE COM 4 JOCAR PACOT UNIDADES DE 100 FO- LHAS CADA (TOTAL 400 E COM FOLHAS) CO RES DIVERSAS. (POST-IT PEQUENO). 4 UNIDA BLOCO ADESIVO, 76MMX76MM COM 100 FOLHAS UNIDA;4,50;200,00;900,00;0,00;0,00;200,00;900,00
14;JOCAR CORES DIVERSAS. (POST- IT GRANDE). DE;3,65;250,00;912,50;0,00;0,00;250,00;912,50
15;BORRACHAS DE APAGAR BRANCA COM CAPA LEONORA UNIDA PROTETORA ERGONO- MICA PARA MAJOR DE CONFORTO AO USAR E PARA PROTEGER CONTRA SUJEIRA. CADERNO GRANDE CAPA DURA, COM ESPIRAL, 15 UNIDA;1,20;60,00;72,00;60,00;72,00;0,00;0,00
16;ASTRAL MATER1AS, 240 FOLHAS. DE CADERNO GRANDE CAPA DURA, COM ESPIRAL, UNIDA;19,70;20,00;394,00;0,00;0,00;20,00;394,00
17;ASTRAL;9,55;65,00;620,75;40,00;382,00;25,00;238,75
18;ASTRAL;5,30;65,00;344,50;40,00;212,00;25,00;132,50
19;POLIBRAS DESMONTAVEL, MATERIAL PLAS- TICO, COR DE PREFERENCIAL AZUL, BRANCA OU PRETA, MEDINDO APRO- XIMADAMENTE: 350X250X130MM (CXAXP).;4,70;50,00;235,00;0,00;0,00;50,00;235,00
20;CAIXA CORRESPONDENCIA, MATE RIAL ACRILICO, WALEU UNIDA COR INCOLOR, TIPO TRIPLA, COMPRIMENTO 370 DE MM, LAR- GURA 255 MM, ALTURA 180 MM.;38,00;25,00;950,00;0,00;0,00;25,00;950,00
21;CAIXA ORGANIZADORA DESMONTA- VEL, COM POLIBRAS UNIDA TAMPA, MATERIAL PLASTICO, TAMANHO GRANDE, DE CAPACI- DADE MAXIMA 30 LITROS, COR BRANCA OU PRETA.;31,20;40,00;1.248,00;0,00;0,00;40,00;1.248,00
22;CAIXA ORGANIZADORA DESMONTA- VEL, COM POLIBRAS UNIDA TAMPA, MATERIAL PLAS- TICO, TAMANHO MEDIA, DE CAPACI- DADE MINIMA 16,5 LITROS, COR BRANCA OU PRETA. CALCULADORA ELETRONICA, 12 DI- G1TOS, TIPO UNIDA;27,60;40,00;1.104,00;0,00;0,00;40,00;1.104,00
23;HM MESA (4 OPERA^OES BA- SICAS),FONTE DE ALIMENTA^AO SO LAR/BATERI A, CARACTERISTICAS ADICIONAIS VISOR DE CRISTAL LL QUIDO, S1STEMA CALCULO BINARIO;18,00;20,00;360,00;0,00;0,00;20,00;360,00
24;CANETA ESFEROGRAFICA, MATE- RIAL BIC CAIXA PLASTICO, TIPO ESCRITA MEDIA, COR TINTA COM 50 AZUL, CARACTERISTICAS ADICIONAIS CORPO UNIDA SEXTAVADO, TRANSPARENTE E ORIFICIO LATERAL, QUANTIDADE CARGAS 1 UN, MATE RIAL PONTA AQO INOXIDAVEL COM ESFERA DE TUNGSTENIO. CAIXA COM 50 UNIDADES.;39,00;60,00;2.340,00;30,00;1.170,00;30,00;1.170,00
25;CANETA ESFEROGRAFICA, MATE RIAL PLASTICO, BIC CAIXA TIPO ESCRITA MEDIA, COR TINTA PRETA, COM 50 CARACTERISTI- CAS ADICIONAIS CORPO SEXTA UNIDA VADO, TRANSPARENTE E ORIFICIO LATERAL, QUANTIDADE CARGAS 1 UN, MATERIAL PONTA AQOINOXIOA- VEL COM ESFERA DE TUNGSTE- N1O.CAIXA COM 50 UNIDADES.;39,00;10,00;390,00;10,00;390,00;0,00;0,00
26;CANETA ESFEROGRAFICA , MATE RIAL PLASTICO, BIC CAIXA TIPO ESCRITA MEDIA, COR TINTA VERMELHA, COM 50 CARACTERIS- TICAS ADICIONAIS CORPO SEXTA- UNIDA VADO, TRANSPARENTE E ORIFICIO LATERAL, QUANTIDADE CARGAS 1 UN, MATERIAL PONTA AQD INOXIDA- VEL COM ESFERA DE TUNGSTENIO. CAIXA COM 50 UNIDADES CANETA MARCADORA PARA CD/DVD 1.0 MM COR UNIDA;39,00;10,00;390,00;0,00;0,00;10,00;390,00
27;BRW PRETA SECA- GEM RAPIDA RESISTENTE A AGUA DE E UMIDADE;7,40;26,00;192,40;26,00;192,40;0,00;0,00
28;CANETA MARCA-TEXTO, MATERIAL PLASTICO, MASTERPRINT UNIDA TIPO PONTA CHANFRADA, COR FLUORESCENTE DE DIVERSAS, TINTA SUPERFLUORESCENTE E COR VIVA PARA SUBL1NHAR E DESTACAR, ESPESSURA DOS TRACOS1MM PARA SUBLINHAR;1,70;200,00;340,00;100,00;170,00;100,00;170,00
29;"CLIPS PARA PAPEIS - TAMANHO: 2/0; MATERIA CHAPARRAU CAIXA PRIMA: AQO; ACABA- MENTO: NIQUELADO; TIPO: COM CONVEN- CIONAL; CAIXA PEQUENA COM 100 100 UNIDADES. UNI";2,50;200,00;500,00;0,00;0,00;200,00;500,00
30;"CLIPS PARA PAPEIS - TAMANHO: 3/0 ; MATERIA CHAPARRAU CAIXA PRIMA: AQO; ACABA- MENTO: NIQUELADO; TIPO: COM CONVEN- CIONAL; CAIXA PEQUENA COM 100 100 UNIDADES. UNI";2,20;200,00;440,00;0,00;0,00;200,00;440,00
31;"CLIPS PARA PAPEIS - TAMANHO: 6/0; MATERIA CHAPARRAU CAIXA PRIMA: AQO; ACABA MENTO: NIQUELADO; TIPO: COM 50 CONVEN CIONAL; CAIXA PEQUENA COM 50 UNI UNIDADES.";2,80;200,00;560,00;0,00;0,00;200,00;560,00
32;"CLIPS PARA PAPEIS - TAMANHO: 8/0; MATERIA CHAPARRAU CAIXA PRIMA: AQO; ACABA MENTO: NIQUELADO; TIPO: COM 25 CONVEN CIONAL; CAIXA PEQUENA COM 25 UNIDA UNIDADES. DE COLA BASTAO - COMPOSI^AO: POLI- UNIDA";2,80;200,00;560,00;0,00;0,00;200,00;560,00
33;"ACRILEX VINILPIRROL1DONA (PVP), ESTEARATO DE SODIO DE E GL1CERINA; REQUI- SITO: A BASE DE AGUA, LAVAVEL E ATOXICA; EMBALAGEM: TUBO COM 40 G UNIDA";8,00;50,00;400,00;25,00;200,00;25,00;200,00
34;COLA ADESIVA INSTANTANEA LIQUIDA 50G LEONORA;15,00;26,00;390,00;26,00;390,00;0,00;0,00
35;COLA , COR INCOLOR, APLICAÇAO COURO, LEONORA UNIDA METAL, VIDRO, CORTIÇA PLASTICO, MADEIRA, DE CARACTERISTI- CAS ADICIONAIS INSTANTANEA, TIPO LIQUIDO, 100G. COLA BRANCA PVA, PARA MADEIRA DE 1KG, UNIDA;5,00;65,00;325,00;0,00;0,00;65,00;325,00
36;IRIS CASCOLA CASCOREZ EXTRA, SIMILAR, DE EQUIVALENTS OU DE ME- LHOR QUALIDADE. CORRET1VO FITA, 6MX5MM, APLICA- QAO UNIDA;9,90;10,00;99,00;10,00;99,00;0,00;0,00
37;JOCAR APAGAR CANETA ESFEROGRAFICA. DE DISPLAY DE PAREDE EM ACRILICO, TIPO A4 COM UNIDA;3,90;150,00;585,00;100,00;390,00;50,00;195,00
38;WALEU FITA DUPLA FACE PARA FIXAÇAO DE UNIDA;18,90;20,00;378,00;0,00;0,00;20,00;378,00
39;ENVELOPE BRANCO 114MM X 229MM. VIA BRASIL UNIDA;0,07;130,00;9,10;50,00;3,50;80,00;5,60
40;ENVELOPE PARDO 240 MM X 340 MM. VIA BRASIL ESTILETE RETRATIL, ESPESSURA 18MM, UNIDA;0,28;65,00;18,20;65,00;18,20;0,00;0,00
41;BAZZE APLICAQAO ESCRITORIO. DE EXTRATOR DE GRAMPO, MATERIAL AQO, TIPO UNIDA;2,40;26,00;62,40;26,00;62,40;0,00;0,00
42;BAZZE ESPATULA, TRATAMENTO SUPERFICIAL DE CROMADO, MEDIDAS A'PROXIMADAS: 15X2CM FITA A DESIVA, MATERIAL POLIPROPI- LENO UNIDA;1,80;20,00;36,00;20,00;36,00;0,00;0,00
43;KORETECH TRANSPARENTE, TIPO MONO FACE, COR DE INCOLOR, APLICAQAO MULTIUSO, 50MMX50M. FITA ADESIVA, MATERIAL POLIPROPI- LENO UNIDA;3,30;100,00;330,00;100,00;330,00;0,00;0,00
44;KORETECH TRANSPARENTE, TIPO MONO FACE,! 2MMX50M. DE GRAMPEADOR, MATERIAL METAL, TIPO MESA, UNIDA;1,10;150,00;165,00;50,00;55,00;100,00;110,00
45;BAZZE CAPACIDADE 25 FL, TA MANHO GRAMPO 26/6, DE CARACTERIS- TICAS ADICIONAIS PINTURA EPOXI. GRAMPEADOR, MATERIAL METAL, TIPO MESA, UNIDA;11,99;50,00;599,50;0,00;0,00;50,00;599,50
46;JOCAR CAPAC1DADE ATE 100 FL, TAMANHO GRAMPO DE 23/6, 23/8, 23/10, E 23/13;71,00;6,00;426,00;0,00;0,00;6,00;426,00
47;GRAMPO GRAMPEADOR, MATERIAL METAL, CHAPARRAU CAIXA TRATAMENTO SUPERFICIAL LATONADO, COM TAMANHO 23/13, CAIXA COM 5000 UNIDADES. 5000 UNI;28,40;13,00;369,20;0,00;0,00;13,00;369,20
48;GRAMPO GRAMPEADOR, MATERIAL METAL, BAZZE CAIXA TRATAMENTO SUPERFICIAL NIQUELADO, COM TAMANHO 26/6, CAIXA COM 5000 UNIDADES. 5000 UNI GRAMPO TRILHO ENCADERNADOR, MATERIAL PACOT;3,70;130,00;481,00;0,00;0,00;130,00;481,00
49;DELO PLASTICO, COMPRIMENTO 80 MM, TIPO E COM LINGUETA, APLICAFJAO FIXAC^AO FOLHAS EM 50 PROCESSOS, TIPO ESPELHO GARRA, PACOTE UNIDA COM 50 UNIDADES. D LAPIS PRETO REDONDO, GRAFITE 2-B, CORPO UNIDA;10,90;26,00;283,40;0,00;0,00;26,00;283,40
50;LEONORA SEXTAVADO CONFECCIO- NADO EM MADEIRA DE DE ALTA QU ALI DADE, SEM RACHADURAS.;0,29;260,00;75,40;200,00;58,00;60,00;17,40
51;LAPISEIRA, MATERIAL PLASTICO, DI- AMETRO LEONORA UNIDA CARGA 0,5 MM, CARACTE- RISTICAS ADICIONAIS DE C/PRENDE- DOR, PONTA E ACIONADOR DE ME TAL C/BORRACHA;4,90;50,00;245,00;50,00;245,00;0,00;0,00
52;LIVRO ATA, CAPA DURA, MATERIAL PAPEL TILIBRA UNIDA SULFITE, QUANTIDADE FO LHAS 100 FL, DE GRAMATURA 75 G/ M2, COMPRIMENTO 297 MM, LARGURA 210 MM. LIVRO PROTOCOLO DE CORRESPON- DENCIA, BAHIA ARTES UNIDA;14,95;100,00;1.495,00;0,00;0,00;100,00;1.495,00
53;CAPA DURA 100 FOLHAS. GRAFICA DE MARCADOR DE PAGINA AUTO ADE- SIVO;11,90;65,00;773,50;0,00;0,00;65,00;773,50
54;"JOCAR TRANSPARENTE, CONTEM 8 CO RES DE MARC A PACOT DORES NO PACOTE COM 25 UNIDADES EM CADA ECOM COR, DI- MENSOES 45MMX12MM, FACIL APLI- 8 CA<;AO, REPOSICIONAVEIS, NAO DA- NIFICAM AS UNIDA PAGINAS. DE PAPEL A-4 BRANCO MATERIAL ALCA- LINO RESMA";6,70;200,00;1.340,00;100,00;670,00;100,00;670,00
55;REPORT 75G/M2, RESMA COM 500 FO LHAS. COM 500 FOLHA S PAPEL EMBORRACHADO, MATERIAL BORRACHA UNIDA;26,90;650,00;17.485,00;150,00;4.035,00;500,00;13.450,00
56;IBEL EVA, COMPRIMENTO 60 CM, LARGURA 40 CM, DE ESPESSURA 2 MM, PADRAO LISO, COR VARIADA. AS CORES DEVERAO SER ENVIADAS DE ACORDO COM O PEDIDO DO ALMO- XARIFADO, MEDIANTE AUTORIZA- QAO DE FORNECIMENTO.;2,90;65,00;188,50;35,00;101,50;30,00;87,00
57;PAPEL FOTOGRAFICO BRILHANTE TA MANHO A4. BAHIA ARTES RESMA GRAFICA COM 50 FOLHA PASTA ARQUI VO T1PO AZ, PAPE LAO UNIDA;15,00;50,00;750,00;50,00;750,00;0,00;0,00
58;FARMA PLASTIFICADA, TAMANHO OFICIO, LOMBO, DE LARGO, 34,5X28,5X7,0 CM. PASTA CATALOGO C/100 ENVELOPES UNIDA;13,40;390,00;5.226,00;200,00;2.680,00;190,00;2.546,00
59;DAC PLASTICOS. DE PASTA CLASSIFICADOR TRANSPA RENTE, UNIDA;17,00;50,00;850,00;0,00;0,00;50,00;850,00
60;DAC MATERIAL PLASTICO, COM ELASTICO, TAMANHO DE PROPORCIO- NAL A FOLHA A4. UNIDA;1,38;260,00;358,80;100,00;138,00;160,00;220,80
61;PASTA PLASTICA EM L, INCOLOR TAMANHO A4. DAC;0,71;50,00;35,50;50,00;35,50;0,00;0,00
62;PASTA SANFONADA TRANSPARENTE, TAMANHO DAC UNIDA PROPORCIONAL A FOLHA A4 COM 12 DIVISOR1AS, DE VISORES E ABAS DE IDENTIFICA^AO.;14,95;50,00;747,50;50,00;747,50;0,00;0,00
63;PASTA SUSPENSA MARMORIZADA, DELO UNIDA PLASTIFICADA, COM PRENDEDOR, VI SOR DE DE ETIQUETA, HASTES LATERAL MEDINDO 235MMX360MM PERFURADOR PAPEL, MATERIAL METAL E UNIDA;3,06;250,00;765,00;0,00;0,00;250,00;765,00
64;LIKE PLASTICO, TIPO GRANDE, TRATAMENTO DE SUPERFICIAL NIQUELADO, CAP ACID ADE PERFUR AQAO 100 FL, FUNCIONAMENTO MANUAL. PERFURADOR PAPEL, MATERIAL ME TAL, TIPO UNIDA;146,00;6,00;876,00;3,00;438,00;3,00;438,00
65;JOCAR MESA, TRATAMENTO SU PERFICIAL PINTADO, DE CAPACIDADE PERFURAQAO 30 FL, FUNCIONA- MENTO MANUAL, CARACTERISTICAS ADICIONAIS FURO REDONDO, QUAN- TIDADE FUROS 2. UNIDA;43,40;40,00;1.736,00;40,00;1.736,00;0,00;0,00
66;PILHA AAA PACOTE COM 2 UNIDADES. ELGIN PILHA, TAMANHO PEQUENA, TIPO ALCALINA,;4,20;260,00;1.092,00;260,00;1.092,00;0,00;0,00
67;ELGIN MODELO AA, PACOTE COM 2 UNIDADES. PACOT E COM 2UNIDA;4,00;200,00;800,00;200,00;800,00;0,00;0,00
68;PINCEL ATOMICO, MATERIAL PLAS- T1CO, TIPO JOCAR UNIDA PONTA FELTRO, TIPO CARGA DESCARTAVEL, DE CORES SORTI- DAS (PRETO, VERMELHO, AZUL, VERDE) PRANCHETAS PORTATIL EM ACRI L1CO UNIDA;2,70;80,00;216,00;40,00;108,00;40,00;108,00
69;WALEU TRANSPARENTE, TAMANHO CORRESPONDENTE A DE FOLHA A4, COM PRENDEDOR DE METAL. REGUA ESCRITORIO, MATERIAL PLAS- TICO UNIDA;12,90;26,00;335,40;26,00;335,40;0,00;0,00
70;WALEU FLEXIVEL, COMPRIMENTO 30 CM. DE TESOURA LAMINA EM A^O INOX, 7 POLEGADAS, UNIDA;3,40;60,00;204,00;0,00;0,00;60,00;204,00
71;JOCAR APROXIMADAMENTE 18CM , COM CABO PLASTICO DE PRETO. TINTA PARA CAR1MBO, COR AZUL, UNIDA;6,50;50,00;325,00;30,00;195,00;20,00;130,00
72;REDEX COMPONENTES GLICO1S, CORANTES DE ORGANICOS E AGUA, ASPECTO FI- SICO LIQU1DO, APLICA AO AUTO-ENTINTADO, CAPACIDADE FRASCO 40 ML;3,00;65,00;195,00;5,00;15,00;60,00;180,00
73;MOUSE PAD, MATERIAL BORRACHA MULTILASER UNIDA ANTIDERRAPANTE, CARACTERISTI- CAS DE ADICIONAIS COM APOIO DE PU- NHO EM GEL, COR PRETA, TIPO ERGO NOMICO. SUPORTE PARA MONITOR E NOTE BOOK 4 NIVEIS UNIDA;25,50;100,00;2.550,00;100,00;2.550,00;0,00;0,00
74;WALEU DESMONTAVEIS. DE UNIDA;42,00;65,00;2.730,00;0,00;0,00;65,00;2.730,00
75;APOIO ERGONOMICO PARA OS PES. WALEU;56,70;65,00;3.685,50;0,00;0,00;65,00;3.685,50
76;VISOR, MATERIAL PLASTICO, TIPO FI- XAQAO DELO CAIXA ENCAIXE, APLICAQAO PASTA SUSPENSA, COM 50 CARACTERFSTICAS ADICI- ONAIS COM ETIQUETA, UNID CAIXA COM 50 UNIDADES. TINTA PARA ARTESANATO100 ML. CORES;8,50;15,00;127,50;15,00;127,50;0,00;0,00
77;DAC DIVERSAS. CHALCK PAINT OU SUPREMA. AS UNIDA CORES DEVERAO SER ENVIADAS DE ACORDO DE COM O PE- D1DO DO ALMOXARIFADO, MEDI- ANTE AUTORIZAQAO DE FORNECIMENTO TINTA PRETA PARA CARIMBOS NU- MERADORES;5,50;70,00;385,00;0,00;0,00;70,00;385,00
78;TRODAT AUTOMATICOS 30 ML. TINTA A BASE DE OLEO UNIDA PARA ALMO- FADAS DE FELTRO A SER DE UTILIZADAS EM NUMERADORES AUTOMATICOS DE METAL.;18,60;50,00;930,00;5,00;93,00;45,00;837,00
79;PAPEL FOTOGRAFICO BRILHANTE AUTO MASTERPRINT RESMA ADESIVO TAMANHO A4 COM 50FOL HAS FITA DE CETIM N° 1,10 METROS, CORES UNIDA;22,90;50,00;1.145,00;50,00;1.145,00;0,00;0,00
80;PROGRESSO DIVERSAS. DE FITA DE CETIM N° 3,10 METROS, CORES UNIDA;2,55;50,00;127,50;0,00;0,00;50,00;127,50
81;PROGRESSO DIVERSAS. DE FITA DE CETIM N° 5,10 METROS, CO RES UNIDA;4,23;50,00;211,50;0,00;0,00;50,00;211,50
82;PROGRESSO DIVERSAS DE;9,90;50,00;495,00;0,00;0,00;50,00;495,00
83;FITA DE JUTA 30MM, ROLO COM PROGRESSO ROLO APROXIMADAMENTE 10 METROS, CORES COM DIVERSAS. 10 METRO FIO DE JUTA NATURAL, 1 MM A 3MM;23,70;30,00;711,00;0,00;0,00;30,00;711,00
84;KIT ROLO APROXIMADAMENTE, ROLO DE NO MINIMO 50 METROS. COLA COLORIDA, TIRO GLITTER, 23G, CORES;10,20;30,00;306,00;0,00;0,00;30,00;306,00
85;GATTE DIVERSAS, CAIXA COM 6 UNIDADES. CAIXAC OM 6 UNIDA DES;12,90;20,00;258,00;0,00;0,00;20,00;258,00
86;LAPIS DE COR, 12 CORES, TAMANHO GRANDE, BAZZE CAIXA FORMATO REDONDO OU SEXTAVADO, CAIXA COM COM 12 UNIDADES 12UNI DADE;2,45;24,00;58,80;24,00;58,80;0,00;0,00
87;CANETA HIDROGRAFICA 12 CORES, TAMANHO BAZZE CAIXA GRANDE, ESCRITA FINA, CAIXA COM 12 COM UNIDADES. 12UNID ADE;3,90;24,00;93,60;0,00;0,00;24,00;93,60
88;GIZ DE CERA CORES SORTIDAS, FOR MATO LEONORA CAIXA ANATOMICO, NAO TOXICO, PESO LIQUIDO 48G. COM CAIXA COM 12 UNIDADES. 12UNID ADE;4,90;24,00;117,60;24,00;117,60;0,00;0,00
89;FITA BANANA DUPLA FACE ESPON- JOSA, 16 A KORETECH ROLO 19MM, ROLO COM NO MI NIMO 10 METROS. COM 10 METRO MOLHA DEDO GLICERINADO, SEM ALCOOL, POTE UNIDA;6,80;100,00;680,00;30,00;204,00;70,00;476,00
90;WALEU COM 12 GRAMAS. DE GRAFITE PARA LAPISEIRA: PONTA 0,7. ESTOJO UNIDA;2,77;100,00;277,00;30,00;83,10;70,00;193,90
91;LEONORA COM 12 GRAFITES, PARA USO TECNICO, DE ESCOLAR E GERAL;1,00;52,00;52,00;25,00;25,00;27,00;27,00
92;PAPEL VERGE BRANCO 180GR COM NO MFNIMO BAHIA ARTES RESMA AS SEGUINTES ESPECIFI- CAQOES: PAPEL VERGE GRAFICA COM 50 DE PAPELA- RIA, TEXTURA LEVEMENTE RUGOSA, FOLHA FORMATO A4, MED1DAS (210X297)MM, NA COR BRANCO, GRAMATURA 120G. PORTA-LAPIS/CLIPE/LEMBRETE, PORTA OBJETO, UNIDA;9,90;100,00;990,00;15,00;148,50;85,00;841,50
93;WALEU CLIPS, CANETA, BLOCO P/ RECADO. MA TERIAL DE EM ACRFLICO CRISTAL. FITA DUPLA FACE FIXA FORTE TRANSPARENTE UNIDA;9,80;40,00;392,00;15,00;147,00;25,00;245,00
94;KORETECH 24MM X 2M SUPORTA ATE 5KG DE;12,07;100,00;1.207,00;10,00;120,70;90,00;1.086,30
