Name,ProfileUrl,ProfileId,Avatar,Comment,Likes,Date
cinthyamaraba,https://www.instagram.com/cinthyamaraba/,cinthyamaraba,,"Oficialmente pré-candidata a deputada estadual pelo PL 🇧🇷Hoje damos um passo importante na construção desse novo caminho. Em Brasília, confirmamos a minha pré-candidatura pelo Partido Liberal (PL).Estive reunida com o pré-candidato à Presidência da República, Flávio Bolsonaro, com o presidente nacional do PL, Waldemar da Costa Neto, e com o presidente estadual do partido na Bahia, João Roma, fortalecendo esse projeto com diálogo, alinhamento e compromisso.Seguimos com a convicção de que é possível ampliar o trabalho que já realizamos em Luís Eduardo Magalhães, levando essa atuação para todo o Oeste da Bahia e para todo o Estado, com ainda mais presença e resultados.Esse projeto nasce com respeito à identidade e aos valores das nossas famílias, que acreditam no desenvolvimento econômico e social.Seguimos com responsabilidade, propósito e muita disposição para trabalhar ainda mais por nossa gente. 💖",0,2026-04-08 16:28:14
a_maria_michelle,https://www.instagram.com/a_maria_michelle/,a_maria_michelle,,😍😍😍😍,1,2026-04-08 17:00:42
mariconstenla,https://www.instagram.com/mariconstenla/,mariconstenla,,👏👏👏👏👏👏👏,6,2026-04-08 16:33:33
neivilares,https://www.instagram.com/neivilares/,neivilares,,"Sucesso, deputada.Estamos juntos pela Bahia e pelo Brasil 🇧🇷 Deus na frente, sempre 🙌🏼",28,2026-04-08 16:36:32
drpedrohenriqueribeiro,https://www.instagram.com/drpedrohenriqueribeiro/,drpedrohenriqueribeiro,,"Sem dúvidas Luís Eduardo Magalhães será muito bem representado por você @cinthyamaraba , precisamos de sua coragem e seu cuidado com as pessoas! Para cima 👊👊",53,2026-04-08 16:34:05
dr.marcosloiola,https://www.instagram.com/dr.marcosloiola/,dr.marcosloiola,,Uma verdadeira representante! Deus abençoe você nessa jornada. Feliz de ver isso acontecendo em favor de nossa cidade. 👏,1,2026-04-08 21:27:42
nutrigervana.rabelo,https://www.instagram.com/nutrigervana.rabelo/,nutrigervana.rabelo,,🥳,1,2026-04-08 19:44:07
ericagomescreator,https://www.instagram.com/ericagomescreator/,ericagomescreator,,👏👏👏👏,3,2026-04-08 17:02:58
_veronicalmeida,https://www.instagram.com/_veronicalmeida/,_veronicalmeida,,👏👏👏👏👏👏,1,2026-04-08 17:10:43
joaovitormoraesa,https://www.instagram.com/joaovitormoraesa/,joaovitormoraesa,,O município muito bem representado ❤️🇧🇷,7,2026-04-08 16:47:03
a_maria_michelle,https://www.instagram.com/a_maria_michelle/,a_maria_michelle,,👏👏👏👏👏,1,2026-04-08 19:29:17
amidiadabia,https://www.instagram.com/amidiadabia/,amidiadabia,,CHEGOU CHEGANDO! Orgulhosa de você ❤️🔥,3,2026-04-08 18:30:02
carolsouza1510,https://www.instagram.com/carolsouza1510/,carolsouza1510,,"Que orgulho, amiga! Vc é gigante! Minha deputada ❤️",2,2026-04-08 17:52:45
le_barross,https://www.instagram.com/le_barross/,le_barross,,Minha deputada!! 🚀🚀🚀,2,2026-04-08 16:37:43
soraia_maximo,https://www.instagram.com/soraia_maximo/,soraia_maximo,,👏👏👏👏👏,1,2026-04-08 16:34:00
valeria6ss,https://www.instagram.com/valeria6ss/,valeria6ss,,Parceria que já deu certo 👏🏾👏🏾👏🏾,1,2026-04-08 18:22:48
maisamargareth,https://www.instagram.com/maisamargareth/,maisamargareth,,LEM sendo bem reapresentada!! 👏🏻👏🏻👏🏻 🚀 pra cima,5,2026-04-08 17:22:58
janyrlima,https://www.instagram.com/janyrlima/,janyrlima,,👏👏👏 muito bem representada 🙌,2,2026-04-08 16:43:25
saramafir,https://www.instagram.com/saramafir/,saramafir,,A mulher é gigante 👏😍,1,2026-04-08 16:35:17
bru_farias_,https://www.instagram.com/bru_farias_/,bru_farias_,,👏🏼👏🏼👏🏼👏🏼,3,2026-04-08 16:35:24
eduarda.sf,https://www.instagram.com/eduarda.sf/,eduarda.sf,,Vamos!!!!!!!!!! Até o fim 🤍,1,2026-04-08 16:45:50
_josemauro,https://www.instagram.com/_josemauro/,_josemauro,,Vamos que vamos minha deputada 💪🏻🚀,12,2026-04-08 16:29:18
socorro.caio,https://www.instagram.com/socorro.caio/,socorro.caio,,"Estamos juntas, Deus a frente desse projeto, as pessoas precisam de você. 🙌🙌",10,2026-04-08 16:30:58
yane_figueiredo,https://www.instagram.com/yane_figueiredo/,yane_figueiredo,,Vamos pra cima 🚀🚀👏,3,2026-04-08 16:35:38
magg.cunha,https://www.instagram.com/magg.cunha/,magg.cunha,,"Deus é contigo, nós estaremos empenhados juntos com você nessa missão. 🙏🏼🇧🇷",5,2026-04-08 16:41:48
gabifigueiredobrasil,https://www.instagram.com/gabifigueiredobrasil/,gabifigueiredobrasil,,Estamos juntos!!!,1,2026-04-08 16:33:27
jpcarvalhaes_,https://www.instagram.com/jpcarvalhaes_/,jpcarvalhaes_,,👏👏👏👏👏👏,1,2026-04-08 16:31:42
ricardobarbosa.ofc,https://www.instagram.com/ricardobarbosa.ofc/,ricardobarbosa.ofc,,👏👏👏👏,1,2026-04-08 17:16:38
lariibnovaes,https://www.instagram.com/lariibnovaes/,lariibnovaes,,Estou com vc desde sempre pra sempre! Voa minha deputada 🚀🚀,4,2026-04-08 17:21:24
symarasampaio,https://www.instagram.com/symarasampaio/,symarasampaio,,@cinthyamaraba meu voto é seu!!😍😍,1,2026-04-08 21:13:52
washingtonallves_,https://www.instagram.com/washingtonallves_/,washingtonallves_,,🚀🚀🚀,1,2026-04-08 19:34:24
hebr_cruz,https://www.instagram.com/hebr_cruz/,hebr_cruz,,👏👏👏👏👏 sucesso garantindo,1,2026-04-08 18:11:28
henriquecostaa10,https://www.instagram.com/henriquecostaa10/,henriquecostaa10,,Minha Deputada Estadual maravilhosa 🙌👏,4,2026-04-08 16:30:10
roney.araujo_,https://www.instagram.com/roney.araujo_/,roney.araujo_,,Bora bora pra cima nossa Deputada @cinthyamaraba 👏👏👏🚀🚀,1,2026-04-08 17:07:17
andrei_omendes,https://www.instagram.com/andrei_omendes/,andrei_omendes,,Vamos pra cima 👏👏👏,2,2026-04-08 17:20:50
khavkinpaula,https://www.instagram.com/khavkinpaula/,khavkinpaula,,"No caminho certo, minha deputada !! 🇧🇷",8,2026-04-08 16:32:56
janeemedeiro.s,https://www.instagram.com/janeemedeiro.s/,janeemedeiro.s,,"A Bahia precisa de você, minha deputada!!! 🩷✨",3,2026-04-08 16:41:12
adv.lorranecalixto,https://www.instagram.com/adv.lorranecalixto/,adv.lorranecalixto,,👏👏👏👏👏👏,1,2026-04-08 16:36:57
marcellaguimaraes,https://www.instagram.com/marcellaguimaraes/,marcellaguimaraes,,Que Deus lhe proteja e lhe abençoe nesse novo projeto! Estamos com você! 👏👏👏👏🚀🚀🚀,2,2026-04-08 17:07:39
juliana_snt01,https://www.instagram.com/juliana_snt01/,juliana_snt01,,Já tem meu voto,1,2026-04-08 16:54:53
nathan.lobato,https://www.instagram.com/nathan.lobato/,nathan.lobato,,Minha deputada ✈️,5,2026-04-08 16:30:08
matheusferrarimaia,https://www.instagram.com/matheusferrarimaia/,matheusferrarimaia,,👏👏👏👏👏👏👏,2,2026-04-08 16:35:29
drmarcelocartaxo,https://www.instagram.com/drmarcelocartaxo/,drmarcelocartaxo,,👏👏👏👏 parabéns pela coragem e decisão!,2,2026-04-08 16:40:51
juujuu2304,https://www.instagram.com/juujuu2304/,juujuu2304,,"Com orgulho dos meus valores e daquilo em que acredito, deixo meu total apoio ao nosso prefeito Júnior Marabá, que tem feito a diferença em Luís Eduardo Magalhães. E celebro, e vibro a nova caminhada de Cinthya Marabá no Partido do PL — uma mulher forte, determinada e pronta para lutar pela Bahia. Seguimos firmes, com fé, coragem e propósito! 🚀🙏🏻👏🏻🩷💙",10,2026-04-08 16:35:46
bruno_beltramii,https://www.instagram.com/bruno_beltramii/,bruno_beltramii,,🙌🙌👏👏,2,2026-04-08 16:29:45
enf.jerriadrianocaldas,https://www.instagram.com/enf.jerriadrianocaldas/,enf.jerriadrianocaldas,,👏👏👏👏,2,2026-04-08 20:14:52
ailene.s.m.barreto,https://www.instagram.com/ailene.s.m.barreto/,ailene.s.m.barreto,,👏👏👏,2,2026-04-08 16:54:01
dudarodriguess5,https://www.instagram.com/dudarodriguess5/,dudarodriguess5,,👏👏👏,2,2026-04-08 16:47:19
dheizyrocha,https://www.instagram.com/dheizyrocha/,dheizyrocha,,Passadaaaaa 👏👏👏,1,2026-04-08 16:43:59
joao.lem,https://www.instagram.com/joao.lem/,joao.lem,,Excelente nome para representar a Bahia,2,2026-04-08 17:48:34
alana_sanvi,https://www.instagram.com/alana_sanvi/,alana_sanvi,,👏🏽👏🏽👏🏽,2,2026-04-08 17:18:35
luizaoliveira125,https://www.instagram.com/luizaoliveira125/,luizaoliveira125,,Sucessoo,2,2026-04-08 16:47:46
lenycbatista,https://www.instagram.com/lenycbatista/,lenycbatista,,Minha deputada! 😍,2,2026-04-08 16:31:39
joaoluiz.morais.3,https://www.instagram.com/joaoluiz.morais.3/,joaoluiz.morais.3,,Estamos juntos. Vamos que vamos!! 🙌,3,2026-04-08 16:35:21
isllagomes,https://www.instagram.com/isllagomes/,isllagomes,,"Apitou, começou! 🚀",2,2026-04-08 16:31:16
isllagomes,https://www.instagram.com/isllagomes/,isllagomes,,Pra cima minha deputada!💖💖💖,2,2026-04-08 16:31:07
isllagomes,https://www.instagram.com/isllagomes/,isllagomes,,O melhor pra LEM❤️❤️❤️❤️,2,2026-04-08 16:39:33
patriciamelo8081,https://www.instagram.com/patriciamelo8081/,patriciamelo8081,,👏🏽👏🏽 Tamo juntos.,2,2026-04-08 18:01:49
veloso_vic,https://www.instagram.com/veloso_vic/,veloso_vic,,👏👏👏👏👏👏👏👏🙌,2,2026-04-08 16:45:54
uericmouradesouza,https://www.instagram.com/uericmouradesouza/,uericmouradesouza,,Luís Eduardo Magalhães muito bem representado 👏👏👏👏,2,2026-04-08 17:51:14
felipxaraujo,https://www.instagram.com/felipxaraujo/,felipxaraujo,,"LEM precisa de representantes assim: próximos do povo, com trabalho e responsabilidade. Você nos representa! 👏🏻👏🏻👏🏻 @cinthyamaraba 👏🏻",6,2026-04-08 16:54:56
ederdjalmeida,https://www.instagram.com/ederdjalmeida/,ederdjalmeida,,Estourada👏👏👏Minha deputada 🇧🇷🇧🇷🫡,2,2026-04-08 16:31:39
ju.gregorio,https://www.instagram.com/ju.gregorio/,ju.gregorio,,👏,2,2026-04-08 17:40:03
alexpersonalltrainer,https://www.instagram.com/alexpersonalltrainer/,alexpersonalltrainer,,👏👏,2,2026-04-08 17:19:29
silmarareginagriisa,https://www.instagram.com/silmarareginagriisa/,silmarareginagriisa,,Bora p cima,2,2026-04-08 18:34:38
deyyaandrady,https://www.instagram.com/deyyaandrady/,deyyaandrady,,Pra cima 🚀👏👏👏🇧🇷,2,2026-04-08 16:58:43
ncfarias_,https://www.instagram.com/ncfarias_/,ncfarias_,,"Que Deus te abençoe nessa nova jornada @cinthyamaraba, estamos com você! ❤️👏🚀",2,2026-04-08 17:56:07
leomatos_a,https://www.instagram.com/leomatos_a/,leomatos_a,,"Com certeza, um projeto de sucesso! Força, minha deputada!!!",2,2026-04-08 16:46:30
lucasgabriel.png,https://www.instagram.com/lucasgabriel.png/,lucasgabriel.png,,Sucesso! 👏🏾,2,2026-04-08 16:31:29
fabricio.psoares,https://www.instagram.com/fabricio.psoares/,fabricio.psoares,,👏👏👏👏,2,2026-04-08 16:33:44
phelipe.muniz,https://www.instagram.com/phelipe.muniz/,phelipe.muniz,,Vamos mudar a nossa Bahia 👏👏,7,2026-04-08 16:39:48
marianetorrres,https://www.instagram.com/marianetorrres/,marianetorrres,,👏👏👏👏😍😍😍😍,5,2026-04-08 16:44:47
agnescorreia_,https://www.instagram.com/agnescorreia_/,agnescorreia_,,Minha deputada 🚀👊🏻,3,2026-04-08 16:34:12
silviacorado,https://www.instagram.com/silviacorado/,silviacorado,,Pra cimaaa 👏👏,3,2026-04-08 16:34:53
thaliagalvaol,https://www.instagram.com/thaliagalvaol/,thaliagalvaol,,👏🏼👏🏼👏🏼👏🏼,2,2026-04-08 16:55:11
larissabinoti.otorrino,https://www.instagram.com/larissabinoti.otorrino/,larissabinoti.otorrino,,"Que orgulho de você, está sendo uma mulher gigante, que nos inspira sempre. Me sinto representada por você. Conte comigo @cinthyamaraba .",6,2026-04-08 17:09:56
polyannalinhares,https://www.instagram.com/polyannalinhares/,polyannalinhares,,👏👏👏,2,2026-04-08 19:36:30
erikaralile.adv,https://www.instagram.com/erikaralile.adv/,erikaralile.adv,,👏👏👏,2,2026-04-08 19:12:22
conceicao.costa201474,https://www.instagram.com/conceicao.costa201474/,conceicao.costa201474,,Tmj👏🙌,3,2026-04-08 16:39:12
talita_nog,https://www.instagram.com/talita_nog/,talita_nog,,Vamos pra cima 👏👏👏🚀🇧🇷,2,2026-04-08 16:35:20
pedromatioli.ortopedista,https://www.instagram.com/pedromatioli.ortopedista/,pedromatioli.ortopedista,,👏👏👏🇧🇷🇧🇷,2,2026-04-08 16:45:22
noelma_mattos,https://www.instagram.com/noelma_mattos/,noelma_mattos,,Eu publicaria um vídeo pq em tempo de I.A a gente vive desacreditado 😂,33,2026-04-08 16:50:44
marcosazvd,https://www.instagram.com/marcosazvd/,marcosazvd,,Tenho certeza de que LEM será muito bem representado!! Sucesso 🙌🚀🇧🇷,2,2026-04-08 19:54:27
brandaooliveirapaulaana,https://www.instagram.com/brandaooliveirapaulaana/,brandaooliveirapaulaana,,Vamos valorizar as mulheres na política do nosso município! Vai dar certo 🇧🇷,1,2026-04-08 21:07:34
adentistacarolina,https://www.instagram.com/adentistacarolina/,adentistacarolina,,Minha deputada. 🇧🇷🙌🚀,2,2026-04-08 20:01:55
tamyresfarias,https://www.instagram.com/tamyresfarias/,tamyresfarias,,Ah mentira? Não acredito? Vou ter que transferir o meu titulo gente.,1,2026-04-08 20:02:24
deizesanttanna,https://www.instagram.com/deizesanttanna/,deizesanttanna,,👏👏👏,1,2026-04-08 20:02:36
tamyresfarias,https://www.instagram.com/tamyresfarias/,tamyresfarias,,Que orgulho dessa menina 😍😍😍😍,1,2026-04-08 20:02:37
suelialves0721,https://www.instagram.com/suelialves0721/,suelialves0721,,👏👏👏👏👏👏🇧🇷🇧🇷🇧🇷,1,2026-04-08 20:09:39
nilmex17,https://www.instagram.com/nilmex17/,nilmex17,,👏🙌❤️,1,2026-04-08 20:12:35
ritaamaralkahlmeier,https://www.instagram.com/ritaamaralkahlmeier/,ritaamaralkahlmeier,,👏👏,1,2026-04-08 20:13:54
diana_souzael,https://www.instagram.com/diana_souzael/,diana_souzael,,🇧🇷🇧🇷🇧🇷🇧🇷🇧🇷,1,2026-04-08 20:16:32
mariasilvamary.kauan,https://www.instagram.com/mariasilvamary.kauan/,mariasilvamary.kauan,,👏👏👏👏👏😍😍,1,2026-04-08 20:17:27
marileide9955,https://www.instagram.com/marileide9955/,marileide9955,,🙌🙌🙌,1,2026-04-08 20:26:50
gabriell.bjj,https://www.instagram.com/gabriell.bjj/,gabriell.bjj,,Agora sim🇧🇷🇧🇷🚀 @flaviobolsonaro 🚀,2,2026-04-08 20:27:27
thassiareal,https://www.instagram.com/thassiareal/,thassiareal,,Pra cima deputada 🇧🇷👏🏼👏🏼👏🏼👏🏼,1,2026-04-08 20:30:57
dra_biancaaraujo,https://www.instagram.com/dra_biancaaraujo/,dra_biancaaraujo,,👏👏👏👏👏😍😍😍🇧🇷,1,2026-04-08 20:31:07
patricia_nunes_23,https://www.instagram.com/patricia_nunes_23/,patricia_nunes_23,,Que Deus te abençoe 🙌🏼🙏🏼🙏🏼🙏🏼,1,2026-04-08 20:32:05
marialessa97,https://www.instagram.com/marialessa97/,marialessa97,,😍😍😍😍😍😍 Pra 🇧🇷🇧🇷,1,2026-04-08 20:35:17
marialessa97,https://www.instagram.com/marialessa97/,marialessa97,,Já descobri em quem vou votar🇧🇷🇧🇷,1,2026-04-08 20:35:55
evellynsotteroo_,https://www.instagram.com/evellynsotteroo_/,evellynsotteroo_,,👏👏👏👏👏,1,2026-04-08 20:40:31
mariamarques4833,https://www.instagram.com/mariamarques4833/,mariamarques4833,,👏👏🇧🇷🇧🇷🇧🇷,0,2026-04-08 23:45:26
leidianemoura2019,https://www.instagram.com/leidianemoura2019/,leidianemoura2019,,Parabéns maravilhosa 👏👏👏👏,0,2026-04-08 23:39:40
clausb2,https://www.instagram.com/clausb2/,clausb2,,Parabéns. Chapa forte.,0,2026-04-08 23:38:06
iarapereirados,https://www.instagram.com/iarapereirados/,iarapereirados,,🙌🙌🙌🙌🙌,1,2026-04-08 23:22:53
frota_rayana,https://www.instagram.com/frota_rayana/,frota_rayana,,🇧🇷🇧🇷🇧🇷🇧🇷🇧🇷,1,2026-04-08 23:20:10
dra.jordana_queiroz,https://www.instagram.com/dra.jordana_queiroz/,dra.jordana_queiroz,,Ai sim👏👏👏👏,1,2026-04-08 23:08:02
renildebrilhosa,https://www.instagram.com/renildebrilhosa/,renildebrilhosa,,👏👏👏👏👏👏👏👏👏 minha deputada brilhosa mulher corajosa que representará nossa cidade com gare 🚀🚀🚀👏👏👏👏👏👏👏 tamo junto 👊,1,2026-04-08 23:04:52
samilleathayde,https://www.instagram.com/samilleathayde/,samilleathayde,,👏👏👏👏👏 Aiii simmmm,1,2026-04-08 23:04:27
adriana_camara1,https://www.instagram.com/adriana_camara1/,adriana_camara1,,Tico _Tico no Fubá nem lá e nem cá...,0,2026-04-08 23:04:05
fariassuelllen,https://www.instagram.com/fariassuelllen/,fariassuelllen,,👏🇧🇷👏🇧🇷 agora já tenho minha deputada 🚀,1,2026-04-08 23:00:39
nutrijamile.ribeiro,https://www.instagram.com/nutrijamile.ribeiro/,nutrijamile.ribeiro,,👏👏👏👏,1,2026-04-08 23:00:24
mariana_gomes6767,https://www.instagram.com/mariana_gomes6767/,mariana_gomes6767,,😍😍😍👏,1,2026-04-08 22:53:20
annasanttos_tts,https://www.instagram.com/annasanttos_tts/,annasanttos_tts,,👏❤️🇧🇷,1,2026-04-08 22:47:32
eliete.conceicao.986,https://www.instagram.com/eliete.conceicao.986/,eliete.conceicao.986,,👏👏👏😍😍🇧🇷🇧🇷,1,2026-04-08 22:42:42
nelia_brandao09,https://www.instagram.com/nelia_brandao09/,nelia_brandao09,,🇧🇷🇧🇷🇧🇷🇧🇷,1,2026-04-08 22:41:05
lmariaaparecidaramos,https://www.instagram.com/lmariaaparecidaramos/,lmariaaparecidaramos,,Já tem meu voto,1,2026-04-08 22:38:33
_anecarolinerocha_,https://www.instagram.com/_anecarolinerocha_/,_anecarolinerocha_,,👏👏👏🇧🇷🇧🇷,1,2026-04-08 22:37:23
lmariaaparecidaramos,https://www.instagram.com/lmariaaparecidaramos/,lmariaaparecidaramos,,Q maravilha 👏👏,1,2026-04-08 22:36:36
belsantana822,https://www.instagram.com/belsantana822/,belsantana822,,Vamos que vamos minha deputada,1,2026-04-08 22:34:13
edy_souza0609,https://www.instagram.com/edy_souza0609/,edy_souza0609,,Pt aqui não tem vez kkk 🇧🇷🇧🇷🇧🇷🇧🇷🇧🇷🇧🇷,1,2026-04-08 22:31:59
jennifernunesr,https://www.instagram.com/jennifernunesr/,jennifernunesr,,👏👏👏👏,1,2026-04-08 22:31:14
alvees_annyh,https://www.instagram.com/alvees_annyh/,alvees_annyh,,A maiorrrrrr🚀🇧🇷😍,1,2026-04-08 22:30:50
dauanne,https://www.instagram.com/dauanne/,dauanne,,Que notícia linda ! Mais uma mulher na política que Deus te guie em cada passo ! 👏👏👏,1,2026-04-08 22:29:51
_pablorodrigoreckersvieira_,https://www.instagram.com/_pablorodrigoreckersvieira_/,_pablorodrigoreckersvieira_,,👏👏👏,1,2026-04-08 22:27:32
vilmacosta2610,https://www.instagram.com/vilmacosta2610/,vilmacosta2610,,"Pena que está do lado de um dos coronéis ,dos machos alfas",0,2026-04-08 22:19:45
adaiane2604,https://www.instagram.com/adaiane2604/,adaiane2604,,👏👏👏🇧🇷🇧🇷,1,2026-04-08 22:14:45
sophie_solucoes.visuais,https://www.instagram.com/sophie_solucoes.visuais/,sophie_solucoes.visuais,,👏👏,1,2026-04-08 22:13:54
joaorafaelmalaquias22,https://www.instagram.com/joaorafaelmalaquias22/,joaorafaelmalaquias22,,🇧🇷👏👏,1,2026-04-08 22:09:20
mirtesnovais,https://www.instagram.com/mirtesnovais/,mirtesnovais,,😍😍,1,2026-04-08 22:03:14
e.luz28,https://www.instagram.com/e.luz28/,e.luz28,,🚀🚀🚀,1,2026-04-08 21:58:53
pedr515.ps,https://www.instagram.com/pedr515.ps/,pedr515.ps,,🇧🇷,1,2026-04-08 21:57:35
pedr515.ps,https://www.instagram.com/pedr515.ps/,pedr515.ps,,👏👏👏👏,1,2026-04-08 21:57:33
fabioteles10,https://www.instagram.com/fabioteles10/,fabioteles10,,👏,1,2026-04-08 21:57:23
gerlandiamaximino,https://www.instagram.com/gerlandiamaximino/,gerlandiamaximino,,Amo ver uma mulher na política ❤️ tem meu voto e digo mais já estou pronta pra pedir voto,1,2026-04-08 21:56:59
waleriacecilia122,https://www.instagram.com/waleriacecilia122/,waleriacecilia122,,Tem meu voto,1,2026-04-08 21:52:39
waleriacecilia122,https://www.instagram.com/waleriacecilia122/,waleriacecilia122,,👏🏼👏🏼,1,2026-04-08 21:52:28
gilmar_villasboas,https://www.instagram.com/gilmar_villasboas/,gilmar_villasboas,,👏👏👏👏👏👏👏,1,2026-04-08 21:52:25
almeidx218,https://www.instagram.com/almeidx218/,almeidx218,,Ver todas as 1 respostas,1,2026-04-08 21:41:56
elianaribeiro2009,https://www.instagram.com/elianaribeiro2009/,elianaribeiro2009,,👏👏👏👏,1,2026-04-08 21:40:49
anaaaaapsantos,https://www.instagram.com/anaaaaapsantos/,anaaaaapsantos,,Que orgulho de você 😍😍🙌🙌 Deus abençoe nessa nova jornada,1,2026-04-08 21:32:05
marcoscosta6763,https://www.instagram.com/marcoscosta6763/,marcoscosta6763,,Vão ganhar fumo no rabo só vai dá Wagner e Rui senadores Jerônimo governador e Lula presidente,0,2026-04-08 21:30:31
consultoria_williane,https://www.instagram.com/consultoria_williane/,consultoria_williane,,😍👏👏👏🚀,1,2026-04-08 21:25:00
fernanda_souz27,https://www.instagram.com/fernanda_souz27/,fernanda_souz27,,👏👏👏👏👏👏🇧🇷,1,2026-04-08 21:24:55
2_micael,https://www.instagram.com/2_micael/,2_micael,,Já ganhou tan tan,1,2026-04-08 21:24:19
adirbass01,https://www.instagram.com/adirbass01/,adirbass01,,"Vamos pra cima , conte comigo 🇧🇷🇧🇷🇧🇷",1,2026-04-08 21:20:07
aruerinha,https://www.instagram.com/aruerinha/,aruerinha,,Aí sim🚀,1,2026-04-08 21:19:51
gleice_loopess,https://www.instagram.com/gleice_loopess/,gleice_loopess,,👏👏👏👏😍😍🚀,1,2026-04-08 21:19:35
rose_babalu,https://www.instagram.com/rose_babalu/,rose_babalu,,👏👏👏🇧🇷,1,2026-04-08 21:15:29
itamar.barbosa.904108,https://www.instagram.com/itamar.barbosa.904108/,itamar.barbosa.904108,,Tamos juntos 👏👏👏🚀🚀,1,2026-04-08 21:13:48
loressfaustino,https://www.instagram.com/loressfaustino/,loressfaustino,,👏👏👏👏,1,2026-04-08 21:12:42
isyscristianne,https://www.instagram.com/isyscristianne/,isyscristianne,,Vamos que vamos @cinthyamaraba 🚀👏👏👏❤️,0,2026-04-08 21:11:26
ronaldo_bbarbosa,https://www.instagram.com/ronaldo_bbarbosa/,ronaldo_bbarbosa,,"O oeste da Bahia agora terá representante de verdade, pra cima deputada, 75 mil votos nela",0,2026-04-08 21:08:42
monicaribeiro2025,https://www.instagram.com/monicaribeiro2025/,monicaribeiro2025,,Que alegria 🇧🇷🚀,0,2026-04-08 21:08:27
fabianadossantos94,https://www.instagram.com/fabianadossantos94/,fabianadossantos94,,🙌🙌👏👏👏👏,1,2026-04-08 21:03:01
thaysxntos_24,https://www.instagram.com/thaysxntos_24/,thaysxntos_24,,"Acredito não Charlene, 😍😍👏🚀 estamos com você 🫵🏻😍👏👏",1,2026-04-08 20:59:06
luizas_arruda,https://www.instagram.com/luizas_arruda/,luizas_arruda,,Ver todas as 1 respostas,1,2026-04-08 20:58:23
thiaguinho__britto,https://www.instagram.com/thiaguinho__britto/,thiaguinho__britto,,👏🇧🇷,1,2026-04-08 20:57:35
izabeldebritodemirandada,https://www.instagram.com/izabeldebritodemirandada/,izabeldebritodemirandada,,Parabéns 👏🏻👏🏻🎉🎉❤,1,2026-04-08 20:51:40
oc_francisco,https://www.instagram.com/oc_francisco/,oc_francisco,,Esse prefeito é diferenciado.. Vamos endireitar nossa Bahia e nosso Brasil!🚀,1,2026-04-08 20:48:35
izabelaalmeida77,https://www.instagram.com/izabelaalmeida77/,izabelaalmeida77,,Conte com meu Voto primeira Dama de Luís Eduardo Magalhães @cinthyamaraba 👏👏🇧🇷🚀 Para presidente @flaviobolsonaro Governador @acmneto na Bahia!!! O Time da vitória,2,2026-04-08 20:45:11
matheus_97_silva,https://www.instagram.com/matheus_97_silva/,matheus_97_silva,,Pesquisem a ficha desse Waldemar costa neyo,0,2026-04-08 20:40:52
eltondias19,https://www.instagram.com/eltondias19/,eltondias19,,"Oxe, o marido não declarou ser Gerônimo? E agora quer o apoio da direita para a esposa 🤷🏾‍♂️🤷🏾‍♂️🤷🏾‍♂️🤷🏾‍♂️",0,2026-04-08 20:05:14
ysmithandrade,https://www.instagram.com/ysmithandrade/,ysmithandrade,,"Por que não saiu candidato ao lado de Jerônimo que vai ganhar em primeiro Turno na Bahia, ai ja começa errado, vai perder governador senadores e presidente Lula estar praticamente releito",0,2026-04-08 20:04:08
pedroh_sampaio,https://www.instagram.com/pedroh_sampaio/,pedroh_sampaio,,"Ainda bota a música de crente kkkkk, tem que ter muita cara de pau mesmo viu ...",0,2026-04-08 20:04:05
lsouzarh,https://www.instagram.com/lsouzarh/,lsouzarh,,PL... o mesmo partido que é contra a aprovação do fim da escala 6x1. Eu só observo,1,2026-04-08 20:02:03
9068jackson,https://www.instagram.com/9068jackson/,9068jackson,,Ag que o lem fira uma Fazenda pq o Marido ja n faz nd e ag cm ela deputada 😂😂,0,2026-04-08 19:59:29
eliziana.moura,https://www.instagram.com/eliziana.moura/,eliziana.moura,,👏👏,1,2026-04-08 19:59:06
denylson.mattos,https://www.instagram.com/denylson.mattos/,denylson.mattos,,👏👏👏👏👏👏,1,2026-04-08 19:58:56
rozilenaoliveirasantos,https://www.instagram.com/rozilenaoliveirasantos/,rozilenaoliveirasantos,,👏🏽👏🏽👏🏽👏🏽,1,2026-04-08 19:58:19
lorealencarpr,https://www.instagram.com/lorealencarpr/,lorealencarpr,,👏👏👏👏👏👏,1,2026-04-08 19:58:08
margarete.0807,https://www.instagram.com/margarete.0807/,margarete.0807,,👏👏👏👏,1,2026-04-08 19:57:46
leide_delgado,https://www.instagram.com/leide_delgado/,leide_delgado,,👏👏👏,1,2026-04-08 19:56:26
isaacguerraof,https://www.instagram.com/isaacguerraof/,isaacguerraof,,Nossa Deputada 🙌🙌❤️❤️🚀,1,2026-04-08 19:55:06
milenaborja_7,https://www.instagram.com/milenaborja_7/,milenaborja_7,,😍😍😍,1,2026-04-08 19:53:14
joh_roch01,https://www.instagram.com/joh_roch01/,joh_roch01,,👏👏👏👏👏👏🇧🇷,1,2026-04-08 19:50:52
maikon.azevedo.777,https://www.instagram.com/maikon.azevedo.777/,maikon.azevedo.777,,Aí sim eu dou valor 👏🇧🇷,1,2026-04-08 19:50:44
isaacguerraof,https://www.instagram.com/isaacguerraof/,isaacguerraof,,🚀🚀🚀🚀🚀👏👏👏❤️,1,2026-04-08 19:50:11
alinnereiis,https://www.instagram.com/alinnereiis/,alinnereiis,,"Parabéns !Ao lado do nosso futuro Presidente, posso afirmar também ; nossa futura Deputada Estadual 🙌! Aos poucos vou completando o time q merece o um voto de confiança .🙌",1,2026-04-08 19:47:16
barthyracampos,https://www.instagram.com/barthyracampos/,barthyracampos,,Já tem meu voto 🥳🤩,1,2026-04-08 19:46:07
jeovannarocha,https://www.instagram.com/jeovannarocha/,jeovannarocha,,👏👏👏👏👏,1,2026-04-08 19:45:54
lucimarabombardadoimo05,https://www.instagram.com/lucimarabombardadoimo05/,lucimarabombardadoimo05,,Estamos muito bem representadas ✨🌷🚀🇧🇷,1,2026-04-08 19:45:41
syntiacardoso00,https://www.instagram.com/syntiacardoso00/,syntiacardoso00,,🇧🇷 pra cima,1,2026-04-08 19:45:21
silva_elizett,https://www.instagram.com/silva_elizett/,silva_elizett,,To na rua quem não gostar de nós so chorar,0,2026-04-08 19:44:06
jessercarmo,https://www.instagram.com/jessercarmo/,jessercarmo,,misturou com a turma do PL tô fora,0,2026-04-08 19:42:57
requielycarolweiand,https://www.instagram.com/requielycarolweiand/,requielycarolweiand,,Deus abençoe esse novo caminhar 🙌 🌸,1,2026-04-08 19:41:15
nilsan500,https://www.instagram.com/nilsan500/,nilsan500,,O nosso Estado e Município será bem representando🙌🙌👏👏👏👏👏👏👏,1,2026-04-08 19:39:19
marcelo.nascimento78,https://www.instagram.com/marcelo.nascimento78/,marcelo.nascimento78,,Seu prefeito...Vc tem a obrigação de apoia Acm neto na Bahia ok....tamos de olho abertos com vc ..,0,2026-04-08 19:38:18
joicianaf,https://www.instagram.com/joicianaf/,joicianaf,,👏👏👏 Vc é uma mulher Extraordinária parabéns,1,2026-04-08 19:37:38
_linoaline,https://www.instagram.com/_linoaline/,_linoaline,,❤️❤️❤️👏👏👏,1,2026-04-08 19:37:35
odailopes,https://www.instagram.com/odailopes/,odailopes,,👏👏👏,1,2026-04-08 19:35:25
marlosmuriel,https://www.instagram.com/marlosmuriel/,marlosmuriel,,😍👏👏,1,2026-04-08 19:33:51
caroline._luana,https://www.instagram.com/caroline._luana/,caroline._luana,,👏👏👏👏👏,1,2026-04-08 19:33:39
acacia_aragao,https://www.instagram.com/acacia_aragao/,acacia_aragao,,Parabéns 🥰,1,2026-04-08 19:33:18
clerisoney,https://www.instagram.com/clerisoney/,clerisoney,,Esse é o povo q quando bolsonaro foi em Luiz Eduardo. Foi barrado e mal tratado. Mas vergonha e caráter nao sao características da direita.,0,2026-04-08 19:32:11
anninhalem,https://www.instagram.com/anninhalem/,anninhalem,,Luís Eduardo Magalhães terá uma liderança feminina à altura de sua importância!!!,1,2026-04-08 19:31:59
vitoriasnnttos,https://www.instagram.com/vitoriasnnttos/,vitoriasnnttos,,👏👏👏👏😍,1,2026-04-08 19:31:07
gesianejs,https://www.instagram.com/gesianejs/,gesianejs,,👏🏼👏🏼👏🏼,1,2026-04-08 19:31:02
lidiserpa,https://www.instagram.com/lidiserpa/,lidiserpa,,No caminho certo!,1,2026-04-08 19:30:08
priscila.of,https://www.instagram.com/priscila.of/,priscila.of,,👏👏👏,1,2026-04-08 19:29:25
nay_.reis,https://www.instagram.com/nay_.reis/,nay_.reis,,😍🙌🇧🇷,1,2026-04-08 19:29:07
andrea.nascimento87,https://www.instagram.com/andrea.nascimento87/,andrea.nascimento87,,👏👏,1,2026-04-08 19:27:56
rodriguinhocarvalho_fialho,https://www.instagram.com/rodriguinhocarvalho_fialho/,rodriguinhocarvalho_fialho,,Eu voto nela 🇧🇷🇧🇷🇧🇷,1,2026-04-08 19:27:48
ramaiane_patriota,https://www.instagram.com/ramaiane_patriota/,ramaiane_patriota,,👏👏👏👏😍😍,1,2026-04-08 19:27:08
ricardolopes.90,https://www.instagram.com/ricardolopes.90/,ricardolopes.90,,👏👏,1,2026-04-08 19:25:55
azafebasilio16,https://www.instagram.com/azafebasilio16/,azafebasilio16,,👏👏👏,1,2026-04-08 19:24:40
c.flaviatais,https://www.instagram.com/c.flaviatais/,c.flaviatais,,👏👏,1,2026-04-08 19:24:07
fer_nanda_vitorio,https://www.instagram.com/fer_nanda_vitorio/,fer_nanda_vitorio,,Bora pra cima minha deputada 👏Na torcida por você 🙌,1,2026-04-08 19:23:47
elieseaguiar_,https://www.instagram.com/elieseaguiar_/,elieseaguiar_,,👏😍,1,2026-04-08 19:23:41
g_liima_083,https://www.instagram.com/g_liima_083/,g_liima_083,,Honra sua escolha. O resto nós fas🔥🔥🔥❤️❤️🙌🙌🙌,1,2026-04-08 19:23:31
karolina_ribeiro_dias_,https://www.instagram.com/karolina_ribeiro_dias_/,karolina_ribeiro_dias_,,😮,1,2026-04-08 19:23:09
p.carvalho2,https://www.instagram.com/p.carvalho2/,p.carvalho2,,👏👏👏,1,2026-04-08 19:22:54
dra_mirtesvasconcelos,https://www.instagram.com/dra_mirtesvasconcelos/,dra_mirtesvasconcelos,,"Já ganhouuu tan, tan , tan 👏👏👏👏👏❤️",1,2026-04-08 19:21:52
josias.fred,https://www.instagram.com/josias.fred/,josias.fred,,👏👏👏👏🙌,1,2026-04-08 19:21:50
sharlla_carvalho,https://www.instagram.com/sharlla_carvalho/,sharlla_carvalho,,Minha deputada 🔥🔥,1,2026-04-08 19:21:50
cleiton_barros19,https://www.instagram.com/cleiton_barros19/,cleiton_barros19,,Pra cima @cinthyamaraba por que de você merece fazer história... Deus tem propósitos incríveis na sua vida e da sua família e vai representar muito bem pq já mostrou a capacidade que tem quando fez um excelente trabalho na secretaria de cidadania🙌,2,2026-04-08 19:20:28
keliane_1903,https://www.instagram.com/keliane_1903/,keliane_1903,,👏👏👏👏,1,2026-04-08 19:20:03
heliabervieira,https://www.instagram.com/heliabervieira/,heliabervieira,,👏👏👏👏,1,2026-04-08 19:19:31
carlos_otoni_rodrigues,https://www.instagram.com/carlos_otoni_rodrigues/,carlos_otoni_rodrigues,,👏👏👏👏👏,1,2026-04-08 19:19:14
matosnessa2,https://www.instagram.com/matosnessa2/,matosnessa2,,"Linda,forte e resiliente.... Deus não chama capacitados, mais capacita os chamados....e Ele está te capacitando a cada passo....🙌🙌🙌❤️ voa @cinthyamaraba e @junior.maraba Deus não uni pessoas Deus uni propósitos ❤️",1,2026-04-08 19:15:44
locharmemodaebeleza,https://www.instagram.com/locharmemodaebeleza/,locharmemodaebeleza,,👏👏👏,1,2026-04-08 19:15:06
iranilde.barbosa123,https://www.instagram.com/iranilde.barbosa123/,iranilde.barbosa123,,👏👏👏,1,2026-04-08 19:13:39
melinda_alvest21,https://www.instagram.com/melinda_alvest21/,melinda_alvest21,,👏👏👏👏,1,2026-04-08 19:13:17
rosany.silva.24,https://www.instagram.com/rosany.silva.24/,rosany.silva.24,,👏👏👏,1,2026-04-08 19:13:15
leila_souza_pereira,https://www.instagram.com/leila_souza_pereira/,leila_souza_pereira,,👏👏👏👏👏,1,2026-04-08 19:13:14
joel.oliv_,https://www.instagram.com/joel.oliv_/,joel.oliv_,,👏👏👏,2,2026-04-08 19:12:33
adriana_mtoneti,https://www.instagram.com/adriana_mtoneti/,adriana_mtoneti,,👏👏👏,1,2026-04-08 19:11:25
chicaromeiro,https://www.instagram.com/chicaromeiro/,chicaromeiro,,Boraaaa pra cima deles Cinthya👏👏👏👏👏😍😍😂,1,2026-04-08 19:11:22
janaynapereiira,https://www.instagram.com/janaynapereiira/,janaynapereiira,,👏👏👏,1,2026-04-08 19:11:17
silvana_santos80,https://www.instagram.com/silvana_santos80/,silvana_santos80,,👏👏👏,1,2026-04-08 19:08:45
mirandaa.vanessa,https://www.instagram.com/mirandaa.vanessa/,mirandaa.vanessa,,👏🏻,1,2026-04-08 19:07:00
fabiibrito,https://www.instagram.com/fabiibrito/,fabiibrito,,👏👏👏👏👏,1,2026-04-08 19:05:25
vih__caldas,https://www.instagram.com/vih__caldas/,vih__caldas,,👏👏👏,1,2026-04-08 19:04:41
tayna.magalhaes06,https://www.instagram.com/tayna.magalhaes06/,tayna.magalhaes06,,👏👏👏👏👏,1,2026-04-08 19:03:11
lidia_silva18,https://www.instagram.com/lidia_silva18/,lidia_silva18,,👏👏👏😍😍,1,2026-04-08 19:02:59
diegoalmeida1427,https://www.instagram.com/diegoalmeida1427/,diegoalmeida1427,,👏👏👏👏👏👏,1,2026-04-08 19:02:34
melissa_.maas,https://www.instagram.com/melissa_.maas/,melissa_.maas,,👏👏👏 AGORA SIM! 🇧🇷,1,2026-04-08 19:02:22
carlusoliver,https://www.instagram.com/carlusoliver/,carlusoliver,,👏👏👏👏👏👏,1,2026-04-08 19:02:04
santoslaeumasilvados,https://www.instagram.com/santoslaeumasilvados/,santoslaeumasilvados,,🙌🙌🙌🙌🙌 Deus abençoe grandemente,1,2026-04-08 19:01:40
rodrigosantospereira46,https://www.instagram.com/rodrigosantospereira46/,rodrigosantospereira46,,👏👏👏👏,1,2026-04-08 19:01:25
josael_brito,https://www.instagram.com/josael_brito/,josael_brito,,E aqui na Bahia apoiam o PT? 🤔🤔🤔🤔,0,2026-04-08 19:01:18
gustavo.santosx11,https://www.instagram.com/gustavo.santosx11/,gustavo.santosx11,,👏🏾👏🏾👏🏾👏🏾,1,2026-04-08 18:59:50
queiliane_souuza14,https://www.instagram.com/queiliane_souuza14/,queiliane_souuza14,,👏,1,2026-04-08 18:57:52
fernanda_rromao,https://www.instagram.com/fernanda_rromao/,fernanda_rromao,,👏👏👏👏👏,1,2026-04-08 18:57:13
cintiacristiane.07,https://www.instagram.com/cintiacristiane.07/,cintiacristiane.07,,👏👏👏👏,1,2026-04-08 18:56:19
leo_fbo,https://www.instagram.com/leo_fbo/,leo_fbo,,👏👏,1,2026-04-08 18:55:20
pedrochaves_filmaker,https://www.instagram.com/pedrochaves_filmaker/,pedrochaves_filmaker,,"Kkkkk Flávio rachadinha , só faltou o Queiroz na foto",0,2026-04-08 18:55:04
gilvanicebastospeixoto,https://www.instagram.com/gilvanicebastospeixoto/,gilvanicebastospeixoto,,🚀❤️,1,2026-04-08 18:55:00
rafaelmacedooo7,https://www.instagram.com/rafaelmacedooo7/,rafaelmacedooo7,,Ver todas as 1 respostas,1,2026-04-08 18:54:28
vitoriaplimaa_,https://www.instagram.com/vitoriaplimaa_/,vitoriaplimaa_,,👏🏼👏🏼🇧🇷,1,2026-04-08 18:54:19
shyrlley_ribeiro,https://www.instagram.com/shyrlley_ribeiro/,shyrlley_ribeiro,,Que tudoooo,1,2026-04-08 18:52:47
_gabriielleoliveira,https://www.instagram.com/_gabriielleoliveira/,_gabriielleoliveira,,👏👏,1,2026-04-08 18:52:33
kellycristina_nandes,https://www.instagram.com/kellycristina_nandes/,kellycristina_nandes,,Aí sim,1,2026-04-08 18:51:37
kellycristina_nandes,https://www.instagram.com/kellycristina_nandes/,kellycristina_nandes,,👏👏👏👏👏👏,1,2026-04-08 18:51:24
simonne_fonsec,https://www.instagram.com/simonne_fonsec/,simonne_fonsec,,🇧🇷👏👏👏👏👏👏,1,2026-04-08 18:50:34
marynho_barreto,https://www.instagram.com/marynho_barreto/,marynho_barreto,,🙌🙌❤️,1,2026-04-08 18:50:04
kekasilveira,https://www.instagram.com/kekasilveira/,kekasilveira,,Vamos pra cima 👏👏👏👏👏,1,2026-04-08 18:49:21
hzpaablo,https://www.instagram.com/hzpaablo/,hzpaablo,,👏👏👏,1,2026-04-08 18:48:58
joseiltonbadiadossantos,https://www.instagram.com/joseiltonbadiadossantos/,joseiltonbadiadossantos,,"@cinthyamaraba parabéns, com certeza Luiz Eduardo será bem representado por uma pessoa de coração imenso.",1,2026-04-08 18:48:57
joseiltonbadiadossantos,https://www.instagram.com/joseiltonbadiadossantos/,joseiltonbadiadossantos,,"Parabéns minha querida Luiz Eduardo será bem representado. Vc merece. "" Elenice",1,2026-04-08 18:47:44
antoniokreling,https://www.instagram.com/antoniokreling/,antoniokreling,,👏👏👏👏,1,2026-04-08 18:46:31
nevesanaj,https://www.instagram.com/nevesanaj/,nevesanaj,,😍😍😍👏👏👏,1,2026-04-08 18:45:48
lucilene.ramos18,https://www.instagram.com/lucilene.ramos18/,lucilene.ramos18,,👏👏👏👏,1,2026-04-08 18:44:07
evateixeira.corretora,https://www.instagram.com/evateixeira.corretora/,evateixeira.corretora,,👏👏👏👏a foto do progresso! Pra cima Brasil 🇧🇷,1,2026-04-08 18:43:59
mgabiizoton,https://www.instagram.com/mgabiizoton/,mgabiizoton,,👏👏junto com vc Cintia 🙌,1,2026-04-08 18:43:43
cordiolli2325,https://www.instagram.com/cordiolli2325/,cordiolli2325,,Parabéns Deputada eleita,1,2026-04-08 18:42:54
dayane_nasci,https://www.instagram.com/dayane_nasci/,dayane_nasci,,👏👏👏😍😍,1,2026-04-08 18:42:40
georgesantos925,https://www.instagram.com/georgesantos925/,georgesantos925,,🙌🙌🙌,1,2026-04-08 18:42:33
meire_ataide_pereira,https://www.instagram.com/meire_ataide_pereira/,meire_ataide_pereira,,"A pessoa nasce pra brilhar , e de cara cara já junta com mancha preta",0,2026-04-08 18:42:16
frases_e_versos4789,https://www.instagram.com/frases_e_versos4789/,frases_e_versos4789,,Mulher Arretada 😍🚀,1,2026-04-08 18:41:37
enf.joycethatyla,https://www.instagram.com/enf.joycethatyla/,enf.joycethatyla,,Pra cima👏🚀,1,2026-04-08 18:41:04
_andreza.a.castro,https://www.instagram.com/_andreza.a.castro/,_andreza.a.castro,,👏🏽👏🏽👏🏽👏🏽👏🏽🔥🔥🔥,1,2026-04-08 18:40:41
winniegrazielle_ofc,https://www.instagram.com/winniegrazielle_ofc/,winniegrazielle_ofc,,😍😍😍,1,2026-04-08 18:39:16
vanialem,https://www.instagram.com/vanialem/,vanialem,,Ver todas as 1 respostas,1,2026-04-08 18:38:57
jackoliveira7139,https://www.instagram.com/jackoliveira7139/,jackoliveira7139,,Time derrotado,0,2026-04-08 18:37:32
pimentapoliana,https://www.instagram.com/pimentapoliana/,pimentapoliana,,👏👏👏👏,2,2026-04-08 18:37:26
mallu7207,https://www.instagram.com/mallu7207/,mallu7207,,👏👏👏,1,2026-04-08 18:37:06
studiodivas.anegoncalves,https://www.instagram.com/studiodivas.anegoncalves/,studiodivas.anegoncalves,,😍😍😍😍,1,2026-04-08 18:36:53
kibalanco.oficial,https://www.instagram.com/kibalanco.oficial/,kibalanco.oficial,,Pra cima nossa deputada ❤️@cinthyamaraba,2,2026-04-08 18:36:46
elisangellacarvalho24,https://www.instagram.com/elisangellacarvalho24/,elisangellacarvalho24,,Surpresa boa 👏,1,2026-04-08 18:36:10
camararay_,https://www.instagram.com/camararay_/,camararay_,,Já ganhou! 🚀🔥,1,2026-04-08 18:35:35
pastorrenatosilver,https://www.instagram.com/pastorrenatosilver/,pastorrenatosilver,,Que benção 👏🏽👏🏽👏🏽,2,2026-04-08 18:35:29
albacezar2412,https://www.instagram.com/albacezar2412/,albacezar2412,,👏👏👏👏😍😍😍😍😍,1,2026-04-08 18:35:23
camatos2020,https://www.instagram.com/camatos2020/,camatos2020,,🙌👏👏👏👏👏👏,1,2026-04-08 18:35:07
_rayolinda,https://www.instagram.com/_rayolinda/,_rayolinda,,👏🏽👏🏽👏🏽👏🏽👏🏽,1,2026-04-08 18:34:29
ferreiraaline6834,https://www.instagram.com/ferreiraaline6834/,ferreiraaline6834,,👏👏👏,1,2026-04-08 18:34:05
alinesantos8832,https://www.instagram.com/alinesantos8832/,alinesantos8832,,👏👏👏👏👏👏,1,2026-04-08 18:32:54
katiacbgomes26,https://www.instagram.com/katiacbgomes26/,katiacbgomes26,,Aí sim,1,2026-04-08 18:31:04
edineiaandrade20,https://www.instagram.com/edineiaandrade20/,edineiaandrade20,,😍,1,2026-04-08 18:30:21
josy_sdourado,https://www.instagram.com/josy_sdourado/,josy_sdourado,,👏👏👏👏,1,2026-04-08 18:30:00
santanadalima,https://www.instagram.com/santanadalima/,santanadalima,,Enfim uma força feminina representado a câmera dos deputados por Luis Eduardo Magalhães Bahia a história continuar ❤️❤️❤️❤️❤️,1,2026-04-08 18:29:38
nubiah18,https://www.instagram.com/nubiah18/,nubiah18,,😍🙌🏽👏🏽🇧🇷🇧🇷,1,2026-04-08 18:28:59
cristinalopes321,https://www.instagram.com/cristinalopes321/,cristinalopes321,,Sucesso 👏👏👏,1,2026-04-08 18:26:39
heloisa__st_sz,https://www.instagram.com/heloisa__st_sz/,heloisa__st_sz,,Vcs tem minha admiração e meu respeito!👏👏👏👏👏,1,2026-04-08 18:25:32
agdaluzia,https://www.instagram.com/agdaluzia/,agdaluzia,,"Que notícia maravilhosa, @cinthyamaraba um novo ciclo se inicia.",1,2026-04-08 18:24:40
silvaniavargas97,https://www.instagram.com/silvaniavargas97/,silvaniavargas97,,👏👏👏,1,2026-04-08 18:24:36
marinaperesdesouza478,https://www.instagram.com/marinaperesdesouza478/,marinaperesdesouza478,,👏👏👏👏👏,1,2026-04-08 18:24:15
darcicarlarodrigues,https://www.instagram.com/darcicarlarodrigues/,darcicarlarodrigues,,Nosso estado estará em ótimas mãos 👏👏👏,1,2026-04-08 18:23:14
zebarboza77,https://www.instagram.com/zebarboza77/,zebarboza77,,Só de olho nos comentários 😍😍,0,2026-04-08 18:22:46
tallyta_1520,https://www.instagram.com/tallyta_1520/,tallyta_1520,,Minha deputada 😍,1,2026-04-08 18:22:31
dra.juciele.t,https://www.instagram.com/dra.juciele.t/,dra.juciele.t,,Nossa deputada 🙌👏,1,2026-04-08 18:21:36
camila_ribeiro.m,https://www.instagram.com/camila_ribeiro.m/,camila_ribeiro.m,,👏👏,1,2026-04-08 18:21:03
luccasvnogueira,https://www.instagram.com/luccasvnogueira/,luccasvnogueira,,💙💙💙,1,2026-04-08 18:19:41
artemiaamarante,https://www.instagram.com/artemiaamarante/,artemiaamarante,,Mulher simpática 👏😍,1,2026-04-08 18:19:17
artemiaamarante,https://www.instagram.com/artemiaamarante/,artemiaamarante,,👏👏👏👏,1,2026-04-08 18:18:33
rogerio_transporte,https://www.instagram.com/rogerio_transporte/,rogerio_transporte,,👏👏👏👏👏👏,1,2026-04-08 18:18:31
saraasouza___,https://www.instagram.com/saraasouza___/,saraasouza___,,Pra cima!!!! Só o início de uma nova e gigante trajetória 🇧🇷🇧🇷🇧🇷,1,2026-04-08 18:18:29
carol_sm_26,https://www.instagram.com/carol_sm_26/,carol_sm_26,,👏👏❤️,1,2026-04-08 18:17:33
cleolacoslem_,https://www.instagram.com/cleolacoslem_/,cleolacoslem_,,👏👏👏👏👏👏👏,1,2026-04-08 18:17:05
erillene_fernandes,https://www.instagram.com/erillene_fernandes/,erillene_fernandes,,👏👏👏,1,2026-04-08 18:14:56
barretoarlene4,https://www.instagram.com/barretoarlene4/,barretoarlene4,,🙌🔥👏😍,1,2026-04-08 18:14:05
ale_gosmyt,https://www.instagram.com/ale_gosmyt/,ale_gosmyt,,😍😍👏👏,2,2026-04-08 18:13:21
leciasuely,https://www.instagram.com/leciasuely/,leciasuely,,Chegou.. chegando👏👏👏👏,1,2026-04-08 18:12:56
quadroscammarota,https://www.instagram.com/quadroscammarota/,quadroscammarota,,👏👏👏,1,2026-04-08 18:12:39
gabrielalandim17,https://www.instagram.com/gabrielalandim17/,gabrielalandim17,,👏👏👏❤️,1,2026-04-08 18:12:20
leciasuely,https://www.instagram.com/leciasuely/,leciasuely,,Já esperado👏👏👏 não seria outra coisa.,1,2026-04-08 18:12:11
thalita_rodriguezw,https://www.instagram.com/thalita_rodriguezw/,thalita_rodriguezw,,👏👏😍🇧🇷,1,2026-04-08 18:11:26
vitoria_tooia019,https://www.instagram.com/vitoria_tooia019/,vitoria_tooia019,,Ah mulher é gigante 😍💪🏽👏🏽👏🏽👏🏽,1,2026-04-08 18:11:03
beguel_15,https://www.instagram.com/beguel_15/,beguel_15,,👏👏👏👏👏,1,2026-04-08 18:10:37
henriquedesousaguerra,https://www.instagram.com/henriquedesousaguerra/,henriquedesousaguerra,,👏👏👏👏,1,2026-04-08 18:10:30
mayaralima1010,https://www.instagram.com/mayaralima1010/,mayaralima1010,,Nossa deputada 🙌🙌❤️ vamos pra cima @cinthyamaraba,1,2026-04-08 18:10:05
gomesrosendo,https://www.instagram.com/gomesrosendo/,gomesrosendo,,👏👏👏👏👏👏👏👏👏👏👏👏,1,2026-04-08 18:09:55
anapaula.dud,https://www.instagram.com/anapaula.dud/,anapaula.dud,,👏👏👏,1,2026-04-08 18:09:41
vanderleia.martinss,https://www.instagram.com/vanderleia.martinss/,vanderleia.martinss,,👏👏👏👏😍,1,2026-04-08 18:09:38
beatryz.menezes,https://www.instagram.com/beatryz.menezes/,beatryz.menezes,,Tem meu voto👏,1,2026-04-08 18:09:17
anamariamarinheiro,https://www.instagram.com/anamariamarinheiro/,anamariamarinheiro,,👏👏👏👏👏,1,2026-04-08 18:08:47
roberthaix,https://www.instagram.com/roberthaix/,roberthaix,,Um luxoooooo,1,2026-04-08 18:07:48
marciapsi14,https://www.instagram.com/marciapsi14/,marciapsi14,,👏👏👏👏,1,2026-04-08 18:07:26
aliciiavitoriam,https://www.instagram.com/aliciiavitoriam/,aliciiavitoriam,,👏👏👏,1,2026-04-08 18:06:58
helenoliveira1395,https://www.instagram.com/helenoliveira1395/,helenoliveira1395,,Luís Eduardo sendo muito bem representado 🚀🚀,1,2026-04-08 18:06:40
nadson_ws01,https://www.instagram.com/nadson_ws01/,nadson_ws01,,👏🏻 pra cima minha deputada diferente 🚀 @cinthyamaraba,1,2026-04-08 18:06:29
patycampos___,https://www.instagram.com/patycampos___/,patycampos___,,👏👏👏👏👏,1,2026-04-08 18:06:09
michelekatrine02,https://www.instagram.com/michelekatrine02/,michelekatrine02,,👏👏👏👏😍,1,2026-04-08 18:06:08
milene.ribeiro1,https://www.instagram.com/milene.ribeiro1/,milene.ribeiro1,,👏👏😍,1,2026-04-08 18:05:01
dra.jessika.caetano.56,https://www.instagram.com/dra.jessika.caetano.56/,dra.jessika.caetano.56,,👏👏👏👏👏👏❤️,1,2026-04-08 18:04:24
_dayanne_farias_,https://www.instagram.com/_dayanne_farias_/,_dayanne_farias_,,👏👏😍,1,2026-04-08 18:04:21
leenybraga,https://www.instagram.com/leenybraga/,leenybraga,,👏👏👏,1,2026-04-08 18:03:33
adrianeadamante,https://www.instagram.com/adrianeadamante/,adrianeadamante,,Parabéns e continue com esse amor pelo povo! 😍👏👏👏👏,1,2026-04-08 18:03:22
iranny.nina,https://www.instagram.com/iranny.nina/,iranny.nina,,❤️👏👏,1,2026-04-08 18:02:35
dmillycrys14,https://www.instagram.com/dmillycrys14/,dmillycrys14,,👏😍,1,2026-04-08 18:02:20
psicologaghislaine,https://www.instagram.com/psicologaghislaine/,psicologaghislaine,,👏👏👏👏,1,2026-04-08 18:00:42
socorro_pedroso,https://www.instagram.com/socorro_pedroso/,socorro_pedroso,,👏👏👏👏,1,2026-04-08 18:00:23
cristina_rempel,https://www.instagram.com/cristina_rempel/,cristina_rempel,,Tão lindos que parece IA!!😍Aí sim eu dou valor ❤,4,2026-04-08 17:59:46
raroproducoes,https://www.instagram.com/raroproducoes/,raroproducoes,,👏👏👏👏👏,1,2026-04-08 17:59:37
vaniavilassa,https://www.instagram.com/vaniavilassa/,vaniavilassa,,Nossa cidade estará bem reapresentada... Quanto orgulho da mulher que está sendo nesse mundo político...,1,2026-04-08 17:58:48
loja_passo.a.passo,https://www.instagram.com/loja_passo.a.passo/,loja_passo.a.passo,,A Bahia quer avançar! 👏🏼👏,1,2026-04-08 17:58:45
ceciliadominguesoliveira,https://www.instagram.com/ceciliadominguesoliveira/,ceciliadominguesoliveira,,Posso até votar na deputada agora nesse aí pra presidente jamais,1,2026-04-08 17:58:18
giovanna_evellyn,https://www.instagram.com/giovanna_evellyn/,giovanna_evellyn,,😍😍😍,1,2026-04-08 17:58:00
best10eventos,https://www.instagram.com/best10eventos/,best10eventos,,👏👏👏👏,1,2026-04-08 17:57:58
tuliopereira01,https://www.instagram.com/tuliopereira01/,tuliopereira01,,👏👏👏,1,2026-04-08 17:57:58
sillas.vinicius23_,https://www.instagram.com/sillas.vinicius23_/,sillas.vinicius23_,,Pra cima @cinthyamaraba 💥💥💥,1,2026-04-08 17:57:58
loja_passo.a.passo,https://www.instagram.com/loja_passo.a.passo/,loja_passo.a.passo,,👏👏👏👏👏👏,1,2026-04-08 17:57:56
omagnobaganode,https://www.instagram.com/omagnobaganode/,omagnobaganode,,🙌🙌🙌🏻🙌🙌🙌🙌🇧🇷🇧🇷🇧🇷🇧🇷🚀🚀🚀🚀,1,2026-04-08 17:57:42
anaa_cosmetics,https://www.instagram.com/anaa_cosmetics/,anaa_cosmetics,,🙌❤️😍😍😍👏👏👏,1,2026-04-08 17:57:31
sintia09rabeloo,https://www.instagram.com/sintia09rabeloo/,sintia09rabeloo,,👏👏👏,2,2026-04-08 17:56:45
lulifiuza,https://www.instagram.com/lulifiuza/,lulifiuza,,👏👏,1,2026-04-08 17:55:43
vivabah15,https://www.instagram.com/vivabah15/,vivabah15,,👏👏👏,1,2026-04-08 17:55:40
isaegaby20,https://www.instagram.com/isaegaby20/,isaegaby20,,Já tá eleita ❤️😍,1,2026-04-08 17:55:24
gleigiiane,https://www.instagram.com/gleigiiane/,gleigiiane,,👏👏👏,1,2026-04-08 17:55:19
damiao_humorista_blog__cidades,https://www.instagram.com/damiao_humorista_blog__cidades/,damiao_humorista_blog__cidades,,👏👏,1,2026-04-08 17:55:03
marcinhabsa,https://www.instagram.com/marcinhabsa/,marcinhabsa,,👏👏👏,1,2026-04-08 17:54:47
ruanhenrik,https://www.instagram.com/ruanhenrik/,ruanhenrik,,👏👏👏,1,2026-04-08 17:54:42
lallynha_bezerra16,https://www.instagram.com/lallynha_bezerra16/,lallynha_bezerra16,,👏👏👏👏,1,2026-04-08 17:54:31
caantoniio,https://www.instagram.com/caantoniio/,caantoniio,,👏👏👏,1,2026-04-08 17:54:19
vaniacunegundesnutri,https://www.instagram.com/vaniacunegundesnutri/,vaniacunegundesnutri,,👏👏👏👏👏👏👏,1,2026-04-08 17:54:02
_leticia.malik,https://www.instagram.com/_leticia.malik/,_leticia.malik,,Vamos pra cima!!!👏🏻👏🏻👏🏻🇧🇷🇧🇷🇧🇷,1,2026-04-08 17:53:59
_manoelarochedo,https://www.instagram.com/_manoelarochedo/,_manoelarochedo,,👏👏👏👏👏,1,2026-04-08 17:53:50
neurianekeullyneres,https://www.instagram.com/neurianekeullyneres/,neurianekeullyneres,,🇧🇷 O cara 😎,1,2026-04-08 17:51:48
maiconpepilesco,https://www.instagram.com/maiconpepilesco/,maiconpepilesco,,A ALBA terá representação de Lem. 🙌🙌🙌,3,2026-04-08 17:51:32
iran.enf,https://www.instagram.com/iran.enf/,iran.enf,,Orgulho da nossa primeira dama certeza luiz Eduardo será muito bem representada ❤️👏👏👏👏👏👏👏,1,2026-04-08 17:51:00
pr.edilsonlucas,https://www.instagram.com/pr.edilsonlucas/,pr.edilsonlucas,,Sucesso Deputada estamos juntos rumo à vitória 🙏,1,2026-04-08 17:50:23
alfinetei.brrs,https://www.instagram.com/alfinetei.brrs/,alfinetei.brrs,,👏👏👏👏👏👏👏👏,6,2026-04-08 17:50:05
leiacaitano_,https://www.instagram.com/leiacaitano_/,leiacaitano_,,👏👏👏👏👏👏,1,2026-04-08 17:49:06
leiacaitano_,https://www.instagram.com/leiacaitano_/,leiacaitano_,,Deus abençoe a nossa caminhada,1,2026-04-08 17:48:53
politicabaianaa,https://www.instagram.com/politicabaianaa/,politicabaianaa,,👏👏👏👏,1,2026-04-08 17:47:48
pr.edilsonlucas,https://www.instagram.com/pr.edilsonlucas/,pr.edilsonlucas,,👏👏👏👏👏👏👏,1,2026-04-08 17:47:44
amamagalhaes,https://www.instagram.com/amamagalhaes/,amamagalhaes,,Sintam o peso dessa foto 😍👏,1,2026-04-08 17:47:40
leiacaitano_,https://www.instagram.com/leiacaitano_/,leiacaitano_,,Top top ai sim,1,2026-04-08 17:46:31
leiacaitano_,https://www.instagram.com/leiacaitano_/,leiacaitano_,,A imagem mas linda do dia 👏👏👏👏,1,2026-04-08 17:46:25
nirleypereiravasconcelos,https://www.instagram.com/nirleypereiravasconcelos/,nirleypereiravasconcelos,,🇧🇷👏👏👏👏👏👏👏🇧🇷,1,2026-04-08 17:46:00
duda_alvesgarces,https://www.instagram.com/duda_alvesgarces/,duda_alvesgarces,,👏💚,1,2026-04-08 17:45:40
mirian_silva1250,https://www.instagram.com/mirian_silva1250/,mirian_silva1250,,👏👏👏😍,1,2026-04-08 17:44:56
marcelo.dultraa,https://www.instagram.com/marcelo.dultraa/,marcelo.dultraa,,"Deus, Família, Liberdade e Pátria.",1,2026-04-08 17:44:44
nutricionistaayna,https://www.instagram.com/nutricionistaayna/,nutricionistaayna,,👏👏👏👏👏👏👏,1,2026-04-08 17:44:43
sandractucci,https://www.instagram.com/sandractucci/,sandractucci,,👏👏👏 Muito bem!!!,1,2026-04-08 17:44:11
tayse_conceicao0,https://www.instagram.com/tayse_conceicao0/,tayse_conceicao0,,👏🏻👏🏻👏🏻👏🏻👏🏻,1,2026-04-08 17:42:31
margarethfernandess,https://www.instagram.com/margarethfernandess/,margarethfernandess,,Aí sim 🙌🙌👏👏👏😍😍,1,2026-04-08 17:41:36
jacy.souzanails,https://www.instagram.com/jacy.souzanails/,jacy.souzanails,,🙌🙌🙌🙌🙌👏,1,2026-04-08 17:41:36
anamelomanicure,https://www.instagram.com/anamelomanicure/,anamelomanicure,,Minha deputada 😍😍😍😍,1,2026-04-08 17:41:27
vanessaa___oliveira,https://www.instagram.com/vanessaa___oliveira/,vanessaa___oliveira,,Eu disse foi pronta para votar 👏👏❤️,1,2026-04-08 17:41:20
laise_silvaa_,https://www.instagram.com/laise_silvaa_/,laise_silvaa_,,👏👏👏👏👏,1,2026-04-08 17:40:55
graciele.borgess,https://www.instagram.com/graciele.borgess/,graciele.borgess,,Vamos pra cima ❤️👏👏,1,2026-04-08 17:40:23
crisbonini,https://www.instagram.com/crisbonini/,crisbonini,,👏🏻👏🏻👏🏻👏🏻 Deus abençoe 🙏🏻🙏🏻 Conte conosco!!,1,2026-04-08 17:39:05
robertaaraujoo27,https://www.instagram.com/robertaaraujoo27/,robertaaraujoo27,,👏👏👏👏👏,1,2026-04-08 17:38:51
durvaljunior_01,https://www.instagram.com/durvaljunior_01/,durvaljunior_01,,Nossa deputada @cinthyamaraba,1,2026-04-08 17:38:20
maieraioficial,https://www.instagram.com/maieraioficial/,maieraioficial,,Vamos a vitória,1,2026-04-08 17:37:19
marillyacorretoradeimoveis,https://www.instagram.com/marillyacorretoradeimoveis/,marillyacorretoradeimoveis,,👏👏👏,1,2026-04-08 17:37:17
lay_limazxw,https://www.instagram.com/lay_limazxw/,lay_limazxw,,Essa maravilhosa já tem nosso voto 👏👏👏👏,1,2026-04-08 17:37:03
sullahellena,https://www.instagram.com/sullahellena/,sullahellena,,❤️❤️,1,2026-04-08 17:36:32
leozera_of,https://www.instagram.com/leozera_of/,leozera_of,,"Nossa região merece mais. Merece voz, respeito e alguém que realmente lute pelas pessoas de verdade — e é por isso que apoiamos com orgulho a nossa pré-candidata a deputada estadual @cinthyamaraba 🚀",1,2026-04-08 17:36:28
ciicysouza,https://www.instagram.com/ciicysouza/,ciicysouza,,👏👏👏👏,1,2026-04-08 17:36:12
thais_liver23,https://www.instagram.com/thais_liver23/,thais_liver23,,👏👏👏👏👏👏,1,2026-04-08 17:36:02
yza_oliveiraa,https://www.instagram.com/yza_oliveiraa/,yza_oliveiraa,,"@cinthyamaraba parabéns pela iniciativa e coragem, precisamos de mais mulheres no poder , tenho certeza que nós mulheresseremos bem representadas. Boa sorte na sua nova jornada ❤️🙏🏽🙌🏽",1,2026-04-08 17:35:59
magna_27,https://www.instagram.com/magna_27/,magna_27,,👏👏👏👏👏,1,2026-04-08 17:35:36
acarlaasampaio,https://www.instagram.com/acarlaasampaio/,acarlaasampaio,,Rumo a uma nova história,1,2026-04-08 17:35:23
jeane.lopesdossantos,https://www.instagram.com/jeane.lopesdossantos/,jeane.lopesdossantos,,vamos pra cima minha deputada,1,2026-04-08 17:35:21
padua_shop00,https://www.instagram.com/padua_shop00/,padua_shop00,,👏👏👏🙌,1,2026-04-08 17:34:51
cicagoes,https://www.instagram.com/cicagoes/,cicagoes,,Que os Planos do Senhor se cumpram na sua vida e através dela!!! Estaremos juntas❤️🙏🏼,1,2026-04-08 17:34:43
vanuza_rsantos,https://www.instagram.com/vanuza_rsantos/,vanuza_rsantos,,Cíntia será uma grande liderança no Oeste.,1,2026-04-08 17:34:43
biahsouza1515,https://www.instagram.com/biahsouza1515/,biahsouza1515,,👏👏👏👏,1,2026-04-08 17:34:31
tarsismendes,https://www.instagram.com/tarsismendes/,tarsismendes,,👏👏👏👏,1,2026-04-08 17:34:09
carolayne2922,https://www.instagram.com/carolayne2922/,carolayne2922,,🙌🙌🙌,1,2026-04-08 17:33:54
fer.albergoni,https://www.instagram.com/fer.albergoni/,fer.albergoni,,Já tem o meu voto 👏👏👏🤝🌹,1,2026-04-08 17:33:51
angelica.santo_s,https://www.instagram.com/angelica.santo_s/,angelica.santo_s,,👏👏👏👏👏👏,1,2026-04-08 17:33:19
joandradejesuss,https://www.instagram.com/joandradejesuss/,joandradejesuss,,👏👏👏👏oh acertada futura deputada estadual sem conhecer vc pessoalmente eu voto sim acompanho vcs pelas redes sociais seu esposo prefeito e admiro trabalho dele 👏👏👏👏👏👏,1,2026-04-08 17:33:18
kellenn_bispo,https://www.instagram.com/kellenn_bispo/,kellenn_bispo,,Essa mulher maravilhosa sabe o seu lugar 😍 incrível 🙌,1,2026-04-08 17:33:13
salvianopapa,https://www.instagram.com/salvianopapa/,salvianopapa,,Jogou duro 👏,1,2026-04-08 17:33:07
paulolidiofilho,https://www.instagram.com/paulolidiofilho/,paulolidiofilho,,🙌🙌,1,2026-04-08 17:33:06
paulolidiofilho,https://www.instagram.com/paulolidiofilho/,paulolidiofilho,,👏👏👏👏👏👏,1,2026-04-08 17:33:02
suelmasantoscv,https://www.instagram.com/suelmasantoscv/,suelmasantoscv,,👏👏👏,1,2026-04-08 17:32:58
rcroberval,https://www.instagram.com/rcroberval/,rcroberval,,Vai vencer!,1,2026-04-08 17:32:35
vereador_rocha.forte,https://www.instagram.com/vereador_rocha.forte/,vereador_rocha.forte,,Já começou bem.,2,2026-04-08 17:32:34
viviane3609,https://www.instagram.com/viviane3609/,viviane3609,,👏👏👏👏👏👏 vamos ou bora @cinthyamaraba,1,2026-04-08 17:32:19
onicysouza1,https://www.instagram.com/onicysouza1/,onicysouza1,,👏👏👏,1,2026-04-08 17:31:56
ge_stadlewski,https://www.instagram.com/ge_stadlewski/,ge_stadlewski,,😍👏🏻,1,2026-04-08 17:31:28
claudemir_santos_ofc,https://www.instagram.com/claudemir_santos_ofc/,claudemir_santos_ofc,,👏👏👏👏👏,2,2026-04-08 17:30:58
nathytakamatsu,https://www.instagram.com/nathytakamatsu/,nathytakamatsu,,🙌🙌🙌🙌,1,2026-04-08 17:30:37
patriiciia_souzza,https://www.instagram.com/patriiciia_souzza/,patriiciia_souzza,,Que novidade maravilhosa! Nossa Bahia só tem a ganhar ❤️❤️,1,2026-04-08 17:30:20
endireitabahianews,https://www.instagram.com/endireitabahianews/,endireitabahianews,,Flávio será eleito no primeiro turno,1,2026-04-08 17:30:05
kesialima_a,https://www.instagram.com/kesialima_a/,kesialima_a,,Sabor DEPUTADA🤌🏻❤️,1,2026-04-08 17:29:49
wildemalanconi,https://www.instagram.com/wildemalanconi/,wildemalanconi,,"Agora sim , 👏👏👏@cinthyamaraba, a população do LEM e região já está preocupada em vcs apoiarem o PT.",0,2026-04-08 17:29:25
mell_stay_dorameira,https://www.instagram.com/mell_stay_dorameira/,mell_stay_dorameira,,😂😂😂,0,2026-04-08 17:29:23
kesialima_a,https://www.instagram.com/kesialima_a/,kesialima_a,,👏👏👏👏,1,2026-04-08 17:29:12
valmirnunesrv,https://www.instagram.com/valmirnunesrv/,valmirnunesrv,,👏👏👏,1,2026-04-08 17:28:56
floresermodaartesanal,https://www.instagram.com/floresermodaartesanal/,floresermodaartesanal,,👏 Parabéns um excelente caminho e com Flávio Bolsonaro e meu conterrâneo João Roma.,2,2026-04-08 17:28:34
alessandraborges__,https://www.instagram.com/alessandraborges__/,alessandraborges__,,Estou tão orgulhosa de você ❤️,5,2026-04-08 17:28:23
p.michelesantos,https://www.instagram.com/p.michelesantos/,p.michelesantos,,👏🏼👏🏼👏🏼🔥,1,2026-04-08 17:28:00
eurodriguez75,https://www.instagram.com/eurodriguez75/,eurodriguez75,,👏👏👏👏👏,1,2026-04-08 17:27:53
acacia_aragao,https://www.instagram.com/acacia_aragao/,acacia_aragao,,👏👏👏👏👏,1,2026-04-08 17:26:39
dr.henriquecysneiros,https://www.instagram.com/dr.henriquecysneiros/,dr.henriquecysneiros,,Pra cima minha amiga! Certeza que fará um belo trabalho pelo oeste e por toda a bahia! 👏🏼👏🏼👏🏼,1,2026-04-08 17:26:33
hayumebrunaa,https://www.instagram.com/hayumebrunaa/,hayumebrunaa,,👏👏👏,1,2026-04-08 17:26:27
ajaquebarbosaa,https://www.instagram.com/ajaquebarbosaa/,ajaquebarbosaa,,👏👏👏👏,1,2026-04-08 17:26:22
johnadejs,https://www.instagram.com/johnadejs/,johnadejs,,👏👏👏👏👏👏👏,1,2026-04-08 17:26:10
gessorapidooficial,https://www.instagram.com/gessorapidooficial/,gessorapidooficial,,👏👏👏,1,2026-04-08 17:25:58
lojaskytec,https://www.instagram.com/lojaskytec/,lojaskytec,,🙌🙌,1,2026-04-08 17:25:34
izaldetepassos,https://www.instagram.com/izaldetepassos/,izaldetepassos,,Agora sim 👏👏👏 no caminho certo. 😍,1,2026-04-08 17:25:22
stefani.giotti,https://www.instagram.com/stefani.giotti/,stefani.giotti,,👏🏻👏🏻👏🏻👏🏻👏🏻,1,2026-04-08 17:25:16
adrianabs_24,https://www.instagram.com/adrianabs_24/,adrianabs_24,,🙌❤️,1,2026-04-08 17:24:30
ricalysilva,https://www.instagram.com/ricalysilva/,ricalysilva,,Avante maravilhosaaaaa😍👏,1,2026-04-08 17:24:18
grasipagliarini.novo,https://www.instagram.com/grasipagliarini.novo/,grasipagliarini.novo,,"Parabéns por esse passo, amiga! 🥹🙌 Uma trajetória linda sendo construída com propósito! 🫡 Conte com meu apoio 👏🇧🇷",1,2026-04-08 17:23:50
laiseramos29,https://www.instagram.com/laiseramos29/,laiseramos29,,Top demais 👏👏👏,1,2026-04-08 17:23:07
direita_nerd,https://www.instagram.com/direita_nerd/,direita_nerd,,👏👏👏sucesso deputada,1,2026-04-08 17:22:53
fahsantana2020,https://www.instagram.com/fahsantana2020/,fahsantana2020,,👏👏👏👏👏,1,2026-04-08 17:21:54
annalara.felix,https://www.instagram.com/annalara.felix/,annalara.felix,,👏👏👏👏,1,2026-04-08 17:21:42
adrielle__costa25,https://www.instagram.com/adrielle__costa25/,adrielle__costa25,,👏👏👏🇧🇷,1,2026-04-08 17:21:40
milla._.novais,https://www.instagram.com/milla._.novais/,milla._.novais,,🇧🇷🇧🇷👏👏👏,1,2026-04-08 17:21:25
emanuela_lino,https://www.instagram.com/emanuela_lino/,emanuela_lino,,👏👏👏👏,1,2026-04-08 17:21:02
jaiane378,https://www.instagram.com/jaiane378/,jaiane378,,A Bahia será bem representada por essa mulher incrível @cinthyamaraba 👏,2,2026-04-08 17:21:00
brunofidibei,https://www.instagram.com/brunofidibei/,brunofidibei,,Pra cima @cinthyamaraba,1,2026-04-08 17:20:55
thais_santtt,https://www.instagram.com/thais_santtt/,thais_santtt,,👏👏👏,1,2026-04-08 17:20:18
silva_eerih,https://www.instagram.com/silva_eerih/,silva_eerih,,👏👏🇧🇷,1,2026-04-08 17:20:09
sergiohlouzada,https://www.instagram.com/sergiohlouzada/,sergiohlouzada,,👏👏👏👏👏,1,2026-04-08 17:20:02
magnagoncalvesdasilva,https://www.instagram.com/magnagoncalvesdasilva/,magnagoncalvesdasilva,,🙌👏👏,1,2026-04-08 17:19:55
tainabarbosasocial,https://www.instagram.com/tainabarbosasocial/,tainabarbosasocial,,👏🏾👏🏾👏🏾👏🏾👏🏾,1,2026-04-08 17:18:24
italonogueira2024,https://www.instagram.com/italonogueira2024/,italonogueira2024,,👏👏👏👏,1,2026-04-08 17:18:17
leeioliveiraa,https://www.instagram.com/leeioliveiraa/,leeioliveiraa,,Orgulhosa de você minha marmota,1,2026-04-08 17:17:38
vonnycamara,https://www.instagram.com/vonnycamara/,vonnycamara,,👏👏👏,1,2026-04-08 17:17:13
_aguiardaniel,https://www.instagram.com/_aguiardaniel/,_aguiardaniel,,👏👏👏,1,2026-04-08 17:17:01
leandrodiasda233,https://www.instagram.com/leandrodiasda233/,leandrodiasda233,,Minha deputada é meu presidente,1,2026-04-08 17:16:17
thainan569,https://www.instagram.com/thainan569/,thainan569,,Minha deputada tem nome.@cinthyamaraba 😍👏👏🙌,1,2026-04-08 17:16:10
marcos.regino.338,https://www.instagram.com/marcos.regino.338/,marcos.regino.338,,Aí sim 🙌🏼,2,2026-04-08 17:16:08
souzamarquesjanaina2018,https://www.instagram.com/souzamarquesjanaina2018/,souzamarquesjanaina2018,,Sucesso👏👏👏,1,2026-04-08 17:15:46
amandamedeeiros1,https://www.instagram.com/amandamedeeiros1/,amandamedeeiros1,,👏👏👏👏,1,2026-04-08 17:15:37
reinaldo.agro,https://www.instagram.com/reinaldo.agro/,reinaldo.agro,,Aí sim 👏,1,2026-04-08 17:15:18
patricia.torunsky,https://www.instagram.com/patricia.torunsky/,patricia.torunsky,,LEM celebra essa candidatura!!! Ter a certeza de poder contar com a representatividade de uma mulher tão extraordinária como @cinthyamaraba nos faz ter a certeza de um futuro promissor!!! 💖,2,2026-04-08 17:15:01
_vargas_flavia12,https://www.instagram.com/_vargas_flavia12/,_vargas_flavia12,,🇧🇷🇧🇷,1,2026-04-08 17:14:54
mirelaaclara,https://www.instagram.com/mirelaaclara/,mirelaaclara,,🇧🇷🇧🇷🙏,1,2026-04-08 17:14:40
jadson_victor1,https://www.instagram.com/jadson_victor1/,jadson_victor1,,👏👏,1,2026-04-08 17:14:34
silvia.barrosdemorais,https://www.instagram.com/silvia.barrosdemorais/,silvia.barrosdemorais,,Agora tem meu votooooooo👏👏👏👏👏👏,1,2026-04-08 17:14:22
elaniaffreitas,https://www.instagram.com/elaniaffreitas/,elaniaffreitas,,LEM tá de Parabéns!!!! Sucesso Deputada,1,2026-04-08 17:14:21
arlenereislem,https://www.instagram.com/arlenereislem/,arlenereislem,,Já é a minha Deputada mais votada 😍🙌,1,2026-04-08 17:14:12
mirelaaclara,https://www.instagram.com/mirelaaclara/,mirelaaclara,,😍😍👏👏,1,2026-04-08 17:14:07
edineidedacruzdesouza,https://www.instagram.com/edineidedacruzdesouza/,edineidedacruzdesouza,,Parabéns @cinthyamaraba minha deputada 👏👏👏🙌,1,2026-04-08 17:14:04
filhopsmotos,https://www.instagram.com/filhopsmotos/,filhopsmotos,,Acreditamos em você Cíntia estamos aqui para dar o nosso máximo para você se eleger.🚀 🚀,1,2026-04-08 17:13:56
pamela.queirozz,https://www.instagram.com/pamela.queirozz/,pamela.queirozz,,👏🏻👏🏻👏🏻👏🏻👏🏻👏🏻👏🏻 tem meu voto!!!,3,2026-04-08 17:13:28
eusoulidy,https://www.instagram.com/eusoulidy/,eusoulidy,,A melhor deputada sem dúvidas 👏👏👏👏,1,2026-04-08 17:13:28
naiannetoledo,https://www.instagram.com/naiannetoledo/,naiannetoledo,,👏👏👏👏👏👏👏,1,2026-04-08 17:13:10
ctevolucao.lem,https://www.instagram.com/ctevolucao.lem/,ctevolucao.lem,,Estamos juntas @cinthyamaraba 🚀🚀🚀🚀,1,2026-04-08 17:12:38
samuel_chiarentin,https://www.instagram.com/samuel_chiarentin/,samuel_chiarentin,,🇧🇷🇧🇷,1,2026-04-08 17:12:10
abevaldo_862711,https://www.instagram.com/abevaldo_862711/,abevaldo_862711,,Desejo muito sucesso!,1,2026-04-08 17:11:41
adelina.silva.77,https://www.instagram.com/adelina.silva.77/,adelina.silva.77,,🙌🔥❤️,1,2026-04-08 17:11:33
lucypadovan,https://www.instagram.com/lucypadovan/,lucypadovan,,"“Minha filha, @cinthyamaraba ,hoje meu coração se enche de orgulho ao ver a mulher forte, corajosa e determinada que você se tornou. Sei das lutas que você enfrentou para chegar até aqui, e tenho certeza de que Deus está à frente de cada passo seu.Que essa nova caminhada seja guiada por sabedoria, justiça e amor ao próximo. Estarei sempre aqui, orando, apoiando e acreditando em você. Você nasceu para fazer a diferença! Te amo infinitamente.”",17,2026-04-08 17:11:21
carlienedetody_ofc,https://www.instagram.com/carlienedetody_ofc/,carlienedetody_ofc,,👏👏👏👏,1,2026-04-08 17:11:15
nei7reis,https://www.instagram.com/nei7reis/,nei7reis,,👏👏 pra cima deputada estaremos juntos em prol da sua eleição! Oeste da Bahia merece decolar 🛫,1,2026-04-08 17:10:47
ramosgersica,https://www.instagram.com/ramosgersica/,ramosgersica,,❤️,1,2026-04-08 17:10:42
studioandressavieira_beauty,https://www.instagram.com/studioandressavieira_beauty/,studioandressavieira_beauty,,😍😍😍😍😍😍,1,2026-04-08 17:10:41
souza_rheyzer,https://www.instagram.com/souza_rheyzer/,souza_rheyzer,,"Avante minha Deputada.. ❤️Nós mulheres precisamos ser bem representadas.. E eu não tenho dúvidas de que com você lá , seremos!!.. Que Deus lhe traga muita sabedoria.. 🙏🏻",2,2026-04-08 17:10:38
brunocavalcante_oficial,https://www.instagram.com/brunocavalcante_oficial/,brunocavalcante_oficial,,👏👏👏,1,2026-04-08 17:10:05
cida_rocha120,https://www.instagram.com/cida_rocha120/,cida_rocha120,,👏👏👏,1,2026-04-08 17:09:53
cristielemel,https://www.instagram.com/cristielemel/,cristielemel,,👏🏽👏🏽👏🏽👏🏽,1,2026-04-08 17:09:38
raphaelabritto22,https://www.instagram.com/raphaelabritto22/,raphaelabritto22,,Vamos pra cima @cinthyamaraba 🚀🚀🚀🚀 Maravilhosa é ela. 👏👏👏😍😍,1,2026-04-08 17:09:32
annaamorimof,https://www.instagram.com/annaamorimof/,annaamorimof,,Arrasouuuuuuuu ❤️,1,2026-04-08 17:09:22
chayrios_,https://www.instagram.com/chayrios_/,chayrios_,,👏👏👏👏👏👏,1,2026-04-08 17:08:27
brunaficagnamaia,https://www.instagram.com/brunaficagnamaia/,brunaficagnamaia,,👏👏👏👏👏,1,2026-04-08 17:08:15
wandersonsantoss,https://www.instagram.com/wandersonsantoss/,wandersonsantoss,,👏👏👏👏,1,2026-04-08 17:07:13
joao_davi__,https://www.instagram.com/joao_davi__/,joao_davi__,,"Parabéns pela coragem e iniciativa, @cinthyamaraba . Você fez uma excelente escolha no partido e no lado político. Desejo sucesso na sua jornada! 👏🏻🇧🇷",1,2026-04-08 17:07:12
eliasferreiralem,https://www.instagram.com/eliasferreiralem/,eliasferreiralem,,Vamos que vamos minha deputada estourada,1,2026-04-08 17:07:10
nubia_de_1234,https://www.instagram.com/nubia_de_1234/,nubia_de_1234,,👏👏👏👏👏,1,2026-04-08 17:07:08
stefanycastrox,https://www.instagram.com/stefanycastrox/,stefanycastrox,,😍😍😍😍,1,2026-04-08 17:06:31
laurinha_matt_,https://www.instagram.com/laurinha_matt_/,laurinha_matt_,,Conte com meu voto 👏,1,2026-04-08 17:06:07
wandvieiraa,https://www.instagram.com/wandvieiraa/,wandvieiraa,,Será uma grande deputad!👏,1,2026-04-08 17:05:59
laurinha_matt_,https://www.instagram.com/laurinha_matt_/,laurinha_matt_,,😍😍😍,1,2026-04-08 17:05:58
osoberanodabahia,https://www.instagram.com/osoberanodabahia/,osoberanodabahia,,Ver todas as 1 respostas,4,2026-04-08 17:05:49
leticiazilch,https://www.instagram.com/leticiazilch/,leticiazilch,,👏👏👏👏🇧🇷,1,2026-04-08 17:05:38
cintiahmurata,https://www.instagram.com/cintiahmurata/,cintiahmurata,,Que maravilha !! Estados governados pela direita apresentam melhor desempenho!!! Assim é aqui em Santa Catarina !!,1,2026-04-08 17:05:29
tarcy_oliveira27,https://www.instagram.com/tarcy_oliveira27/,tarcy_oliveira27,,Parabéns. Agora só reforça a saúde mas um poucoooooo. Pq vc tem talento com público e sua energia é contagiante carisma. E agora olha por nós aqui em Luiz Eduardo Magalhães. Na área da saúde.,0,2026-04-08 17:05:27
stefanycastrox,https://www.instagram.com/stefanycastrox/,stefanycastrox,,Agora eu voto 👏😂💚,1,2026-04-08 17:05:18
deniltonbenicio,https://www.instagram.com/deniltonbenicio/,deniltonbenicio,,Parabens fez uma boa escolha 🇧🇷,1,2026-04-08 17:05:01
patricia_bispo00,https://www.instagram.com/patricia_bispo00/,patricia_bispo00,,Já posso votar?minha deputada ❤️,1,2026-04-08 17:04:21
_cleinha_da_sofrencia,https://www.instagram.com/_cleinha_da_sofrencia/,_cleinha_da_sofrencia,,"Cinthia nao te conheço pessoalmente, mas sempre admiro o seu trabalho e do seu esposo..e pelo fato da minha filhinha Eduarda gostar tanto de vcs, eu estou com vc amada..e tmb pelo fato da minha prima Aline e meu vereador João..estamos juntas",1,2026-04-08 17:04:10
cintiahmurata,https://www.instagram.com/cintiahmurata/,cintiahmurata,,👏👏👏👏👏👏,1,2026-04-08 17:03:59
janecarla_barbosa,https://www.instagram.com/janecarla_barbosa/,janecarla_barbosa,,Boraaa🔥🙌,1,2026-04-08 17:03:36
oleandroabreu,https://www.instagram.com/oleandroabreu/,oleandroabreu,,Minha deputada 👏🏼👏🏼👏🏼 diferenciada é ela!,1,2026-04-08 17:03:33
jositimoteo0,https://www.instagram.com/jositimoteo0/,jositimoteo0,,👏👏👏,1,2026-04-08 17:03:31
greicekfk,https://www.instagram.com/greicekfk/,greicekfk,,👏👏👏,1,2026-04-08 17:02:03
ana_claradiass,https://www.instagram.com/ana_claradiass/,ana_claradiass,,🚀🚀🚀,1,2026-04-08 17:01:06
michellefatimabrito.ba,https://www.instagram.com/michellefatimabrito.ba/,michellefatimabrito.ba,,👏👏👏,1,2026-04-08 17:00:59
gabrielaqueirozr,https://www.instagram.com/gabrielaqueirozr/,gabrielaqueirozr,,👏👏👏👏👏,1,2026-04-08 17:00:59
amandaxavier09,https://www.instagram.com/amandaxavier09/,amandaxavier09,,❤️👏,1,2026-04-08 17:00:44
mateuscarneirofilmes,https://www.instagram.com/mateuscarneirofilmes/,mateuscarneirofilmes,,Oeste baiano 👐,0,2026-04-08 17:00:42
ana_claradiass,https://www.instagram.com/ana_claradiass/,ana_claradiass,,Pressão!!!,0,2026-04-08 17:00:38
anaclara_saldanha,https://www.instagram.com/anaclara_saldanha/,anaclara_saldanha,,😍😍,1,2026-04-08 17:00:36
_gabrielsfernandes,https://www.instagram.com/_gabrielsfernandes/,_gabrielsfernandes,,👏👏👏,1,2026-04-08 17:00:33
paulomendes.7,https://www.instagram.com/paulomendes.7/,paulomendes.7,,👏🏼👏🏼👏🏼👏🏼👏🏼👏🏼,1,2026-04-08 17:00:20
taty_do_valle,https://www.instagram.com/taty_do_valle/,taty_do_valle,,👏👏👏,1,2026-04-08 16:59:50
lilia_nascimento_38,https://www.instagram.com/lilia_nascimento_38/,lilia_nascimento_38,,👏👏👏,1,2026-04-08 16:59:40
ricardomsgo,https://www.instagram.com/ricardomsgo/,ricardomsgo,,"Excelente candidata , estamos torcendo para sua eleição @cinthymaraba@juniormaraba",1,2026-04-08 16:59:32
acasadasmarcas,https://www.instagram.com/acasadasmarcas/,acasadasmarcas,,👏👏👏👏👏,1,2026-04-08 16:59:32
marildes_brito,https://www.instagram.com/marildes_brito/,marildes_brito,,Nunca foi tão fácil escolher um candidato a deputado estadual. Já tenho a minha. @cinthyamaraba 👏,6,2026-04-08 16:59:31
rodrigocoreperformance,https://www.instagram.com/rodrigocoreperformance/,rodrigocoreperformance,,Sucesso 🙏🇧🇷👏🔥✈️,2,2026-04-08 16:59:30
paranhoscosmeticos,https://www.instagram.com/paranhoscosmeticos/,paranhoscosmeticos,,👏👏👏👏👏,1,2026-04-08 16:59:24
thiagoredento,https://www.instagram.com/thiagoredento/,thiagoredento,,"Pra cima, irei fazer campanha gratuita, e investir dinheiro se for preciso.",2,2026-04-08 16:59:23
dalileia_aiala,https://www.instagram.com/dalileia_aiala/,dalileia_aiala,,👏👏👏👏👏👏,1,2026-04-08 16:58:55
anaclara_saldanha,https://www.instagram.com/anaclara_saldanha/,anaclara_saldanha,,👏👏👏👏👏,1,2026-04-08 16:58:50
thom.graell,https://www.instagram.com/thom.graell/,thom.graell,,👏👏👏👏,2,2026-04-08 16:58:27
thiagosimonfernandes,https://www.instagram.com/thiagosimonfernandes/,thiagosimonfernandes,,👏👏👏 muito bom !!! 🇧🇷,2,2026-04-08 16:58:20
gaabriela_alcantara,https://www.instagram.com/gaabriela_alcantara/,gaabriela_alcantara,,👏👏👏Aí sim! 🇧🇷,3,2026-04-08 16:58:03
luizr4mos,https://www.instagram.com/luizr4mos/,luizr4mos,,O Oeste da Bahia bem representado! 👏🏼👏🏼 Sucesso nessa caminhada 🙌🏼,3,2026-04-08 16:57:56
vanvic_,https://www.instagram.com/vanvic_/,vanvic_,,👏👏👏,1,2026-04-08 16:57:54
martthacamara,https://www.instagram.com/martthacamara/,martthacamara,,🙌🙌🙌,1,2026-04-08 16:56:55
sandra_ferreira_g,https://www.instagram.com/sandra_ferreira_g/,sandra_ferreira_g,,🚀🚀🚀🚀🚀,1,2026-04-08 16:56:13
evilyn_carely,https://www.instagram.com/evilyn_carely/,evilyn_carely,,👏👏❤️❤️❤️,2,2026-04-08 16:56:06
_finklerr,https://www.instagram.com/_finklerr/,_finklerr,,👏👏👏👏🇧🇷 🇧🇷,1,2026-04-08 16:55:57
paula.nandess,https://www.instagram.com/paula.nandess/,paula.nandess,,🇧🇷🙌,1,2026-04-08 16:55:54
leticiamoraesr_,https://www.instagram.com/leticiamoraesr_/,leticiamoraesr_,,👏👏👏,1,2026-04-08 16:55:42
alicecruz.cruz,https://www.instagram.com/alicecruz.cruz/,alicecruz.cruz,,Já ganhou minha deputada,1,2026-04-08 16:55:40
mileide2191,https://www.instagram.com/mileide2191/,mileide2191,,"Deus a abençoe, minha deputada, uma força feminina 💕",2,2026-04-08 16:55:30
enfa.alanaalves98,https://www.instagram.com/enfa.alanaalves98/,enfa.alanaalves98,,❤️❤️❤️❤️👏Maravilhosa,2,2026-04-08 16:55:27
lucastchoa,https://www.instagram.com/lucastchoa/,lucastchoa,,👏👏,2,2026-04-08 16:55:23
pedrocarvalhohc,https://www.instagram.com/pedrocarvalhohc/,pedrocarvalhohc,,Aeeee 👏,1,2026-04-08 16:55:12
joao_batistamatos,https://www.instagram.com/joao_batistamatos/,joao_batistamatos,,A base vem forte 👏👏👏,1,2026-04-08 16:54:48
drajackbatista,https://www.instagram.com/drajackbatista/,drajackbatista,,"Bora, bora 🚀🚀🚀🚀🚀",1,2026-04-08 16:54:46
valeriacipolatto,https://www.instagram.com/valeriacipolatto/,valeriacipolatto,,👏👏👏,2,2026-04-08 16:54:40
neyzinho.0001,https://www.instagram.com/neyzinho.0001/,neyzinho.0001,,🔥🔥🔥,1,2026-04-08 16:54:11
fabio.n.vasconcelos,https://www.instagram.com/fabio.n.vasconcelos/,fabio.n.vasconcelos,,👏👏Rumo a Vitória deputada. 🚀,1,2026-04-08 16:54:05
lisvanvasconcelos,https://www.instagram.com/lisvanvasconcelos/,lisvanvasconcelos,,@lisvanvasconcelos Pra cima deputada👏🏾🚀,2,2026-04-08 16:53:22
0marcoos,https://www.instagram.com/0marcoos/,0marcoos,,Vamos com tudo! 🚀❤️,1,2026-04-08 16:53:03
i_surrender24,https://www.instagram.com/i_surrender24/,i_surrender24,,Minha deputada 👏❤️,1,2026-04-08 16:52:55
igo.s.silva,https://www.instagram.com/igo.s.silva/,igo.s.silva,,👏👏👏👏,1,2026-04-08 16:52:54
tailanecoutinhoo,https://www.instagram.com/tailanecoutinhoo/,tailanecoutinhoo,,👏👏👏👏,1,2026-04-08 16:52:25
caroline_ledoux,https://www.instagram.com/caroline_ledoux/,caroline_ledoux,,Estamos com você @cinthyamaraba . Nossa Região estará muito bem representada. 👏,6,2026-04-08 16:52:21
vitoriacard_r,https://www.instagram.com/vitoriacard_r/,vitoriacard_r,,😍😍👏,1,2026-04-08 16:52:01
josy.souza88,https://www.instagram.com/josy.souza88/,josy.souza88,,A mais Top❤️,1,2026-04-08 16:51:22
junior_sodre97,https://www.instagram.com/junior_sodre97/,junior_sodre97,,👏👏👏👏👏Agora só falta apoiar ACM,0,2026-04-08 16:51:20
noelma_mattos,https://www.instagram.com/noelma_mattos/,noelma_mattos,,👏👏👏👏,7,2026-04-08 16:51:17
joseclaudio2796,https://www.instagram.com/joseclaudio2796/,joseclaudio2796,,👏👏👏,2,2026-04-08 16:50:53
pr.fabiano_martins_33,https://www.instagram.com/pr.fabiano_martins_33/,pr.fabiano_martins_33,,👏👏👏👏🙌🙌,1,2026-04-08 16:50:44
hebersondantas,https://www.instagram.com/hebersondantas/,hebersondantas,,"Pra deputada eu voto,agora esse aí pra presidente não 🙌👏",12,2026-04-08 16:50:29
georgealmeida_of,https://www.instagram.com/georgealmeida_of/,georgealmeida_of,,"Desejo muito sucesso nessa jornada, que Deus te abençoe 🙏 partiu campanha 🚀",1,2026-04-08 16:50:18
maribrandao.oficial,https://www.instagram.com/maribrandao.oficial/,maribrandao.oficial,,Aí sim @cinthyamaraba e @junior.maraba 👏👏. Agora só falta fechar com @acmneto pra Bahia melhorar. 🙌🙌 Deus é fiel 🙌🙌😍😍,1,2026-04-08 16:50:13
queilasilva20333,https://www.instagram.com/queilasilva20333/,queilasilva20333,,"Estamos juntas, vamos que vamos.😍🚀🚀🚀🚀🚀",1,2026-04-08 16:50:08
raimundog12,https://www.instagram.com/raimundog12/,raimundog12,,👏👏👏🇧🇷🇧🇷🇧🇷🇧🇷🇧🇷🇧🇷🇧🇷🇧🇷,1,2026-04-08 16:50:03
leolimacantoroficial2021,https://www.instagram.com/leolimacantoroficial2021/,leolimacantoroficial2021,,Pra cima minha deputada! é Luís Eduardo nas mãos de quem trabalha!👏,1,2026-04-08 16:50:03
fran.gloria,https://www.instagram.com/fran.gloria/,fran.gloria,,🙌,1,2026-04-08 16:50:02
brendadiasnutri,https://www.instagram.com/brendadiasnutri/,brendadiasnutri,,👏👏👏👏,1,2026-04-08 16:49:26
thalles_guimaraes,https://www.instagram.com/thalles_guimaraes/,thalles_guimaraes,,Pra cima 🚀🚀🥇Tenho certeza que irá representar nossa região muito bem 👏👏👏,12,2026-04-08 16:49:25
daninunesrocha,https://www.instagram.com/daninunesrocha/,daninunesrocha,,Deus abençoe. 🙌,1,2026-04-08 16:49:21
alinnebosa,https://www.instagram.com/alinnebosa/,alinnebosa,,😍👏,1,2026-04-08 16:49:18
tiago_ferrari87,https://www.instagram.com/tiago_ferrari87/,tiago_ferrari87,,❤️👏👏👏👏,1,2026-04-08 16:49:12
mayrlp,https://www.instagram.com/mayrlp/,mayrlp,,👏👏👏👏👏...Sucesso @cinthyamaraba,1,2026-04-08 16:49:11
helciooliveira_,https://www.instagram.com/helciooliveira_/,helciooliveira_,,👏👏👏,1,2026-04-08 16:49:03
dalusttore,https://www.instagram.com/dalusttore/,dalusttore,,Estamos juntas …Deus no comando ✨🇧🇷,2,2026-04-08 16:48:44
viini_goncalvees,https://www.instagram.com/viini_goncalvees/,viini_goncalvees,,👏👏,1,2026-04-08 16:48:38
brunnolago,https://www.instagram.com/brunnolago/,brunnolago,,Show 👏👏👏👏,1,2026-04-08 16:48:29
biancacamposff,https://www.instagram.com/biancacamposff/,biancacamposff,,"👏👏👏 Vai firma que é sua, gata!",3,2026-04-08 16:48:29
queila_atleta,https://www.instagram.com/queila_atleta/,queila_atleta,,"Tenho certeza que Luis Eduardo Magalhães será bem representado por você @cinthyamaraba , conte comigo.😍",1,2026-04-08 16:48:26
l.alencarb,https://www.instagram.com/l.alencarb/,l.alencarb,,👏👏,1,2026-04-08 16:48:21
labaredarafael,https://www.instagram.com/labaredarafael/,labaredarafael,,Prefeito junior parabéns meu amigo,2,2026-04-08 16:48:21
waneide_pereira,https://www.instagram.com/waneide_pereira/,waneide_pereira,,👏👏👏,1,2026-04-08 16:48:15
thay_martins_0120,https://www.instagram.com/thay_martins_0120/,thay_martins_0120,,👏🏻👏🏻🇧🇷🇧🇷,1,2026-04-08 16:48:14
naiany_mendes,https://www.instagram.com/naiany_mendes/,naiany_mendes,,👏👏👏👏👏👏😍😍,1,2026-04-08 16:47:48
mercia.castro.90,https://www.instagram.com/mercia.castro.90/,mercia.castro.90,,👏👏👏👏,1,2026-04-08 16:47:44
caroollimaj,https://www.instagram.com/caroollimaj/,caroollimaj,,🙌🏼👏🏼🇧🇷,1,2026-04-08 16:47:42
joaomarques_._,https://www.instagram.com/joaomarques_._/,joaomarques_._,,Boa campanha tia Cinthya que Deus possa te guia nessa nova jornada boa sorte 👏👏,1,2026-04-08 16:47:40
lianara_kuffel,https://www.instagram.com/lianara_kuffel/,lianara_kuffel,,Sucesso! Estamos juntas!!!,2,2026-04-08 16:47:32
delizane_oliveira,https://www.instagram.com/delizane_oliveira/,delizane_oliveira,,Se depender do meu voto. Está ELEITA! ❤️,1,2026-04-08 16:47:32
edcarlosmodelo,https://www.instagram.com/edcarlosmodelo/,edcarlosmodelo,,😍😍😍😍,1,2026-04-08 16:47:25
frota_rayana,https://www.instagram.com/frota_rayana/,frota_rayana,,👏👏👏👏👏👏,1,2026-04-08 16:47:10
nanda.rafaele,https://www.instagram.com/nanda.rafaele/,nanda.rafaele,,"Já tem meu voto! @cinthyamaraba ❤️👏👏👏 Deus te abençoe nessa nova jornada, 🙏🙌 creio em Deus que vai dar certo. Você tem potencial pra ir além , 👏",1,2026-04-08 16:47:07
betto_lira,https://www.instagram.com/betto_lira/,betto_lira,,👏👏👏👏👏👏👏👏,1,2026-04-08 16:46:38
iisacastelo,https://www.instagram.com/iisacastelo/,iisacastelo,,"👏🏼👏🏼 que Deus abençoe sua caminhada, amigaa! Nossa deputada 🇧🇷🇧🇷🙏🏼",2,2026-04-08 16:46:14
patyambonii__,https://www.instagram.com/patyambonii__/,patyambonii__,,Minha prima linda ..pessoa maravilhosa..meiga e..que Deus abençoe essa nova jornada da sua vida ..vc merece 💕💕,1,2026-04-08 16:46:13
edivan.souza_,https://www.instagram.com/edivan.souza_/,edivan.souza_,,Pra cima.👏👏,1,2026-04-08 16:45:59
jonh.marlei,https://www.instagram.com/jonh.marlei/,jonh.marlei,,👏👏👏👏,1,2026-04-08 16:45:58
leandrorocha18_engenheiro.ambl,https://www.instagram.com/leandrorocha18_engenheiro.ambl/,leandrorocha18_engenheiro.ambl,,👏👏👏👏,1,2026-04-08 16:45:24
marrara_fonseca,https://www.instagram.com/marrara_fonseca/,marrara_fonseca,,👏👏👏👏,1,2026-04-08 16:45:12
sarahfantiny,https://www.instagram.com/sarahfantiny/,sarahfantiny,,👏👏👏👏👏👏👏👏👏,1,2026-04-08 16:45:10
debora.fernandes.332345,https://www.instagram.com/debora.fernandes.332345/,debora.fernandes.332345,,Pra cima!!🙌,1,2026-04-08 16:45:07
brilhoso_lem,https://www.instagram.com/brilhoso_lem/,brilhoso_lem,,👏👏👏👏,1,2026-04-08 16:45:02
filho6043,https://www.instagram.com/filho6043/,filho6043,,A melhor opção de voto para os eleitores de Luis Eduardo Magalhães-BA 🙌🔥 Eu vou votar nela 👏,1,2026-04-08 16:44:56
juserpa222,https://www.instagram.com/juserpa222/,juserpa222,,👏👏👏👏❤️,1,2026-04-08 16:44:47
iedaramosoliveira,https://www.instagram.com/iedaramosoliveira/,iedaramosoliveira,,👏👏👏❤️,2,2026-04-08 16:44:20
enf.maryliagnlustosa,https://www.instagram.com/enf.maryliagnlustosa/,enf.maryliagnlustosa,,👏👏👏,1,2026-04-08 16:44:02
annah_lermen,https://www.instagram.com/annah_lermen/,annah_lermen,,Meu time👏👏👏,1,2026-04-08 16:43:57
jusciaraaraujo,https://www.instagram.com/jusciaraaraujo/,jusciaraaraujo,,"Deus é contigo onde quer que você for minha fia ,o povo vai ganhar muito tendo você pra lutar por eles ,estamos juntas pro que der e vier, rumo a vitória com fé em Deus! 🙌❤️",1,2026-04-08 16:43:55
iannakessiaa,https://www.instagram.com/iannakessiaa/,iannakessiaa,,🙌🇧🇷,1,2026-04-08 16:43:48
dirafernandesdz,https://www.instagram.com/dirafernandesdz/,dirafernandesdz,,👏👏👏👏👏,1,2026-04-08 16:43:47
herbert__sampaio,https://www.instagram.com/herbert__sampaio/,herbert__sampaio,,👏👏,1,2026-04-08 16:43:44
liviaabdmartins,https://www.instagram.com/liviaabdmartins/,liviaabdmartins,,👏 Representatividade feminina 👏,2,2026-04-08 16:43:43
dolmyazevedo,https://www.instagram.com/dolmyazevedo/,dolmyazevedo,,👏👏👏👏👏👏,1,2026-04-08 16:43:39
edimauroamorim,https://www.instagram.com/edimauroamorim/,edimauroamorim,,Deus abençoe 🙏🏻👏🏻✨,1,2026-04-08 16:43:12
divina_barbosa_santos,https://www.instagram.com/divina_barbosa_santos/,divina_barbosa_santos,,"Se apoia, o nosso amado Flávio Bolsonaro pode contar comigo e aos meus filhos quando poder fazer uma visita na nossa comunidade município de Cocos",1,2026-04-08 16:42:46
alexhenriquesantosrocha,https://www.instagram.com/alexhenriquesantosrocha/,alexhenriquesantosrocha,,👏👏👏,1,2026-04-08 16:42:37
duartte.officiall,https://www.instagram.com/duartte.officiall/,duartte.officiall,,Aí Sim Viu 👏,1,2026-04-08 16:42:33
thaiane29santos,https://www.instagram.com/thaiane29santos/,thaiane29santos,,👏👏,1,2026-04-08 16:42:24
morganabruschi,https://www.instagram.com/morganabruschi/,morganabruschi,,Deus abençoe! 👏👏👏,1,2026-04-08 16:42:19
uanderson7274,https://www.instagram.com/uanderson7274/,uanderson7274,,Parabéns!!!🚀🇧🇷🚀🇧🇷,2,2026-04-08 16:42:15
figueiredo.regis0819,https://www.instagram.com/figueiredo.regis0819/,figueiredo.regis0819,,👏👏👏👏,1,2026-04-08 16:42:12
drikaceara,https://www.instagram.com/drikaceara/,drikaceara,,Dupla impecável 👏👏👏,1,2026-04-08 16:41:44
letiiciadamm,https://www.instagram.com/letiiciadamm/,letiiciadamm,,Avisa que é elaaaaaaaa 👏👏👏👏,2,2026-04-08 16:41:21
decacianabarbosadossantos,https://www.instagram.com/decacianabarbosadossantos/,decacianabarbosadossantos,,Deus no controle de estamos juntas,1,2026-04-08 16:41:11
marrara_fonseca,https://www.instagram.com/marrara_fonseca/,marrara_fonseca,,😍😍😍😍😍 pra cima,1,2026-04-08 16:41:08
nadja7683,https://www.instagram.com/nadja7683/,nadja7683,,👏👏👏👏👏,1,2026-04-08 16:40:58
lucylla_martins,https://www.instagram.com/lucylla_martins/,lucylla_martins,,👏👏👏,1,2026-04-08 16:40:55
m.mello03,https://www.instagram.com/m.mello03/,m.mello03,,Primeira dama e deputada 😍,1,2026-04-08 16:40:46
rafaela.m.r,https://www.instagram.com/rafaela.m.r/,rafaela.m.r,,👏👏👏👏👏,1,2026-04-08 16:40:45
regianeeoficial,https://www.instagram.com/regianeeoficial/,regianeeoficial,,😍😍😍😍😍😍,1,2026-04-08 16:40:37
regianeeoficial,https://www.instagram.com/regianeeoficial/,regianeeoficial,,👏👏👏👏👏👏👏👏,1,2026-04-08 16:40:35
lucasalves.ego,https://www.instagram.com/lucasalves.ego/,lucasalves.ego,,👏👏👏,1,2026-04-08 16:40:29
grupobcm_efmm,https://www.instagram.com/grupobcm_efmm/,grupobcm_efmm,,👏👏👏👏👏👏,1,2026-04-08 16:40:22
luckas_geovane,https://www.instagram.com/luckas_geovane/,luckas_geovane,,Pra cima deputada!! A Bahia precisa de você 👏👏 @cinthyamaraba,1,2026-04-08 16:40:18
radialista_carlosmoura2028,https://www.instagram.com/radialista_carlosmoura2028/,radialista_carlosmoura2028,,👏👏👏👏👏👏👏,1,2026-04-08 16:40:13
janecleidegomesdossantos,https://www.instagram.com/janecleidegomesdossantos/,janecleidegomesdossantos,,👏👏👏,1,2026-04-08 16:40:09
renaque_,https://www.instagram.com/renaque_/,renaque_,,👏👏👏👏,1,2026-04-08 16:40:08
suzyhl,https://www.instagram.com/suzyhl/,suzyhl,,👏👏👏👏,1,2026-04-08 16:40:01
paulaferreira9246,https://www.instagram.com/paulaferreira9246/,paulaferreira9246,,Agora completou minha chapa 🇧🇷👏👏,1,2026-04-08 16:39:38
vivicoelho_eo,https://www.instagram.com/vivicoelho_eo/,vivicoelho_eo,,Minha deputada ! 🇧🇷,1,2026-04-08 16:39:36
agner_gomes09,https://www.instagram.com/agner_gomes09/,agner_gomes09,,👏👏👏👏👏👏👏 😍😍😍😍,1,2026-04-08 16:39:33
miqueiasdoagro,https://www.instagram.com/miqueiasdoagro/,miqueiasdoagro,,👏👏👏,1,2026-04-08 16:39:24
nubia__sousa_,https://www.instagram.com/nubia__sousa_/,nubia__sousa_,,👏👏👏,1,2026-04-08 16:39:07
elesemendes,https://www.instagram.com/elesemendes/,elesemendes,,"Vamos!!! Que Deus lhe conduza em tudo, minha Deputada 🙏🏼🚀",4,2026-04-08 16:39:04
levi_vscn,https://www.instagram.com/levi_vscn/,levi_vscn,,👏👏,1,2026-04-08 16:38:55
leonelalvess,https://www.instagram.com/leonelalvess/,leonelalvess,,"Pra cima, Deus abençoe 💚",1,2026-04-08 16:38:51
jessicaandraderr,https://www.instagram.com/jessicaandraderr/,jessicaandraderr,,👏👏👏,1,2026-04-08 16:38:50
mariajulia_alvarenga19,https://www.instagram.com/mariajulia_alvarenga19/,mariajulia_alvarenga19,,👏,1,2026-04-08 16:38:40
pelacidecarlos,https://www.instagram.com/pelacidecarlos/,pelacidecarlos,,👏👏👏👏👏👏👏,1,2026-04-08 16:38:23
neuropsicopedagoga_reginna,https://www.instagram.com/neuropsicopedagoga_reginna/,neuropsicopedagoga_reginna,,👏❤️,2,2026-04-08 16:38:19
pelacidecarlos,https://www.instagram.com/pelacidecarlos/,pelacidecarlos,,🔥🔥🔥🔥🔥🙌🙌🙌🙌🙌🙌,1,2026-04-08 16:37:58
marajuh,https://www.instagram.com/marajuh/,marajuh,,Sucesso 🚀🚀🚀,1,2026-04-08 16:37:56
geane__siilva,https://www.instagram.com/geane__siilva/,geane__siilva,,👏👏👏❤️,1,2026-04-08 16:37:27
arival.viana_jr,https://www.instagram.com/arival.viana_jr/,arival.viana_jr,,O Oeste bem representado! Pra cima 🙌👏,1,2026-04-08 16:37:21
drgustavoribeiro,https://www.instagram.com/drgustavoribeiro/,drgustavoribeiro,,👏👏👏👏,2,2026-04-08 16:37:18
anosiniciaislem,https://www.instagram.com/anosiniciaislem/,anosiniciaislem,,👏👏👏👏❤️❤️,1,2026-04-08 16:37:09
tamiresvcaldas,https://www.instagram.com/tamiresvcaldas/,tamiresvcaldas,,"@cinthyamaraba representará o Oeste com maestria. 👏🏽👏🏽👏🏽A Bahia te espera, minha querida Deputada! 💗🇧🇷",2,2026-04-08 16:37:09
monicasouza.3817,https://www.instagram.com/monicasouza.3817/,monicasouza.3817,,👏👏👏👏👏👏,1,2026-04-08 16:37:08
filhodosertao02,https://www.instagram.com/filhodosertao02/,filhodosertao02,,👏👏👏👏👏👏,1,2026-04-08 16:37:03
nascimentoizabeladeoliveira,https://www.instagram.com/nascimentoizabeladeoliveira/,nascimentoizabeladeoliveira,,❤️🙌👏,1,2026-04-08 16:36:57
aline.magalhaes.184,https://www.instagram.com/aline.magalhaes.184/,aline.magalhaes.184,,Estamos juntos e misturados 🙌,1,2026-04-08 16:36:48
nathaliarlessa,https://www.instagram.com/nathaliarlessa/,nathaliarlessa,,👏👏👏👏👏👏👏👏👏,2,2026-04-08 16:36:44
vinicios.vianna,https://www.instagram.com/vinicios.vianna/,vinicios.vianna,,👏👏👏👏,1,2026-04-08 16:36:28
jordannalesley_,https://www.instagram.com/jordannalesley_/,jordannalesley_,,👏👏👏👏,1,2026-04-08 16:36:21
claricelr,https://www.instagram.com/claricelr/,claricelr,,👏🏻🙏🏻🇧🇷💙💚💛,1,2026-04-08 16:36:16
geane_jsodre,https://www.instagram.com/geane_jsodre/,geane_jsodre,,Ja tenho minha candidata agora 👏,1,2026-04-08 16:36:14
i_am_h96,https://www.instagram.com/i_am_h96/,i_am_h96,,Vamos pra cima 🙌,1,2026-04-08 16:36:13
i_am_h96,https://www.instagram.com/i_am_h96/,i_am_h96,,Que sonho!!! 😍😍😍,1,2026-04-08 16:36:03
i_am_h96,https://www.instagram.com/i_am_h96/,i_am_h96,,😍😍😍😍,1,2026-04-08 16:35:57
olyvercicero,https://www.instagram.com/olyvercicero/,olyvercicero,,😍😍😍,2,2026-04-08 16:35:53
caiocezarlustosa,https://www.instagram.com/caiocezarlustosa/,caiocezarlustosa,,👏🇧🇷🇧🇷,1,2026-04-08 16:35:39
babigoulart,https://www.instagram.com/babigoulart/,babigoulart,,👏👏👏👏👏👏,1,2026-04-08 16:35:38
neyyde2024,https://www.instagram.com/neyyde2024/,neyyde2024,,👏👏👏,1,2026-04-08 16:35:29
_mikaellemendes,https://www.instagram.com/_mikaellemendes/,_mikaellemendes,,"Com propósito, coragem e muito orgulho: minha deputada 🚀🤍✨",6,2026-04-08 16:35:26
polianapassos01,https://www.instagram.com/polianapassos01/,polianapassos01,,👏👏👏👏,1,2026-04-08 16:35:17
regiane_sardeiro,https://www.instagram.com/regiane_sardeiro/,regiane_sardeiro,,👏👏👏,1,2026-04-08 16:35:12
neyyde2024,https://www.instagram.com/neyyde2024/,neyyde2024,,👏👏👏👏👏,1,2026-04-08 16:35:07
patriciacarneiro600,https://www.instagram.com/patriciacarneiro600/,patriciacarneiro600,,Confirmado meu voto!,1,2026-04-08 16:34:47
iran.enf,https://www.instagram.com/iran.enf/,iran.enf,,🙌👏👏👏,1,2026-04-08 16:34:47
deusianebrito.adv,https://www.instagram.com/deusianebrito.adv/,deusianebrito.adv,,Deus abençoe nossa futura deputada e nosso futuro presidente!! A BAHIA E O BRASIL PRECISAM DE VCS !! 😍😍🙌🙌🙌,1,2026-04-08 16:34:31
jadersborges,https://www.instagram.com/jadersborges/,jadersborges,,👏👏👏👏,1,2026-04-08 16:34:16
_uai_ribeiro,https://www.instagram.com/_uai_ribeiro/,_uai_ribeiro,,👏👏👏👏,1,2026-04-08 16:33:54
querencarolinee,https://www.instagram.com/querencarolinee/,querencarolinee,,👏👏👏👏,1,2026-04-08 16:33:35
faedorenata,https://www.instagram.com/faedorenata/,faedorenata,,👏,1,2026-04-08 16:33:34
luiza_tavaresx,https://www.instagram.com/luiza_tavaresx/,luiza_tavaresx,,👏🏻👏🏻😍,1,2026-04-08 16:33:25
adriano_goncalves1984,https://www.instagram.com/adriano_goncalves1984/,adriano_goncalves1984,,"Vamos pra cima,conte comigo🔥🔥🔥🔥",2,2026-04-08 16:33:19
raquellimarsl,https://www.instagram.com/raquellimarsl/,raquellimarsl,,😍🚀,2,2026-04-08 16:33:12
nissara.s,https://www.instagram.com/nissara.s/,nissara.s,,Pra cimaaaaaa!! 🚀 🚀 🚀,1,2026-04-08 16:33:09
e.martinsoficial,https://www.instagram.com/e.martinsoficial/,e.martinsoficial,,😮😮👏👏👏👏👏👏👏👏👏,1,2026-04-08 16:33:05
juliobarbosaribeiro,https://www.instagram.com/juliobarbosaribeiro/,juliobarbosaribeiro,,👏👏👏👏👏👏,1,2026-04-08 16:32:58
raquel_santoss01,https://www.instagram.com/raquel_santoss01/,raquel_santoss01,,👏👏👏,1,2026-04-08 16:32:55
_magnno_s_ferreira_,https://www.instagram.com/_magnno_s_ferreira_/,_magnno_s_ferreira_,,🚀,2,2026-04-08 16:32:48
drraphaelvetus,https://www.instagram.com/drraphaelvetus/,drraphaelvetus,,Já tem meu voto 🗳️,1,2026-04-08 16:32:34
elba_franca,https://www.instagram.com/elba_franca/,elba_franca,,"Minha deputada, já ganhou,tam tam tam ❤️❤️❤️❤️",3,2026-04-08 16:32:25
vanessarochajus,https://www.instagram.com/vanessarochajus/,vanessarochajus,,Apitou! Pra cima minha Deputada! 👏🏾👏🏾,4,2026-04-08 16:32:25
_mamutte__,https://www.instagram.com/_mamutte__/,_mamutte__,,👏👏👏👏👏👏,1,2026-04-08 16:32:07
julianolimeira05,https://www.instagram.com/julianolimeira05/,julianolimeira05,,Agora é ir pra cimaaaa. Estaremos juntos neste projeto e seguir firmes neste projeto.,2,2026-04-08 16:31:55
moraes.marcello_,https://www.instagram.com/moraes.marcello_/,moraes.marcello_,,Vamos pra cima ✌🏼😎,1,2026-04-08 16:31:42
gabrielbrian_oficial,https://www.instagram.com/gabrielbrian_oficial/,gabrielbrian_oficial,,Boa sorte nessa nova jornada 🙌,1,2026-04-08 16:31:39
carol.carolinnaa,https://www.instagram.com/carol.carolinnaa/,carol.carolinnaa,,👏👏👏👏,1,2026-04-08 16:31:30
thiallacfgomes,https://www.instagram.com/thiallacfgomes/,thiallacfgomes,,Pra cima minha deputada 🚀🚀🚀🚀,1,2026-04-08 16:31:18
andrebarrosse,https://www.instagram.com/andrebarrosse/,andrebarrosse,,👏👏👏👏,2,2026-04-08 16:31:14
daniellimaba,https://www.instagram.com/daniellimaba/,daniellimaba,,Minha deputada retada 👏👏👏,7,2026-04-08 16:31:04
pedrosapedropaulo,https://www.instagram.com/pedrosapedropaulo/,pedrosapedropaulo,,👏👏,1,2026-04-08 16:31:01
marquinhoosoficial,https://www.instagram.com/marquinhoosoficial/,marquinhoosoficial,,👏👏👏👏,1,2026-04-08 16:30:59
evy.bonfim,https://www.instagram.com/evy.bonfim/,evy.bonfim,,🔥,1,2026-04-08 16:30:56
daniellimaba,https://www.instagram.com/daniellimaba/,daniellimaba,,👏👏👏👏,2,2026-04-08 16:30:54
uiltonbrandaomaia,https://www.instagram.com/uiltonbrandaomaia/,uiltonbrandaomaia,,👏👏👏👏👏👏👏,1,2026-04-08 16:30:42
_kayrooo,https://www.instagram.com/_kayrooo/,_kayrooo,,🇧🇷,1,2026-04-08 16:30:39
jersinho_ribeiiroo,https://www.instagram.com/jersinho_ribeiiroo/,jersinho_ribeiiroo,,👏👏,1,2026-04-08 16:30:30
cleitoncarvalholocutor,https://www.instagram.com/cleitoncarvalholocutor/,cleitoncarvalholocutor,,👏👏👏👏👏🇧🇷,1,2026-04-08 16:30:30
rhay.barbosa,https://www.instagram.com/rhay.barbosa/,rhay.barbosa,,Aí sim👏🏽👏🏽👏🏽🇧🇷🇧🇷,1,2026-04-08 16:30:24
matt.nsousa,https://www.instagram.com/matt.nsousa/,matt.nsousa,,👏👏👏,1,2026-04-08 16:29:43
jadersborges,https://www.instagram.com/jadersborges/,jadersborges,,👏👏👏👏🙌🙌,1,2026-04-08 16:29:29
luisagrando.eu,https://www.instagram.com/luisagrando.eu/,luisagrando.eu,,🎉🎉🎉❤️❤️❤️,1,2026-04-08 16:29:22
deidehala,https://www.instagram.com/deidehala/,deidehala,,Nossa Deputada 🔥🔥🔥🔥,2,2026-04-08 16:29:13
paulaferreira9246,https://www.instagram.com/paulaferreira9246/,paulaferreira9246,,👏👏👏👏🇧🇷,2,2026-04-08 16:28:57
